Country,State,City,Arrival,Departure,County,CountyFIPS,Lat,Long
CANADA,Ontario,Ottawa,8/8/2020,8/29/2020,NA,NA,NA,NA
CANADA,Ontario,Ottawa,8/8/2020,8/29/2020,NA,NA,NA,NA
CANADA,Ontario,Ottawa,8/8/2020,8/29/2020,NA,NA,NA,NA
CANADA,Ontario,Ottawa,8/8/2020,8/29/2020,NA,NA,NA,NA
CANADA,Ontario,Ottawa,8/8/2020,8/29/2020,NA,NA,NA,NA
CANADA,Ontario,Ottawa,8/8/2020,8/29/2020,NA,NA,NA,NA
CANADA,Ontario,Ottawa,8/8/2020,8/29/2020,NA,NA,NA,NA
Israel,Israel,Tel Aviv,NA,NA,NA,NA,NA,NA
Israel,Israel,Tel Aviv,8/8/2020,8/29/2020,NA,NA,NA,NA
Israel,Israel,Tel Aviv,8/8/2020,8/29/2020,NA,NA,NA,NA
Israel,Israel,Tel Aviv,8/8/2020,8/29/2020,NA,NA,NA,NA
Israel,Israel,Tel Aviv,8/8/2020,8/29/2020,NA,NA,NA,NA
Israel,Israel,Tel Aviv,NA,NA,NA,NA,NA,NA
Israel,Israel,Tel Aviv,8/8/2020,8/29/2020,NA,NA,NA,NA
NA,NA,NA,NA,NA,NA,NA,NA,NA
Norway,Viken,Lorenskog,8/8/2020,8/29/2020,NA,NA,NA,NA
Norway,Viken,Raholt,8/8/2020,8/29/2020,NA,NA,NA,NA
Norway,Viken,Sandvika,8/8/2020,8/29/2020,NA,NA,NA,NA
US,Ohio,Mason,8/10/2020,8/28/2020,Warren,39165,39.3571,-84.3023
US,Ohio,Mason,8/10/2020,8/28/2020,Warren,39165,39.3571,-84.3023
US,Ohio,Mason,8/10/2020,8/28/2020,Warren,39165,39.3571,-84.3023
US,Ohio,Mason,8/10/2020,8/28/2020,Warren,39165,39.3571,-84.3023
US,Ohio,Mason,8/10/2020,8/28/2020,Warren,39165,39.3571,-84.3023
US,Ohio,Mason,8/10/2020,8/28/2020,Warren,39165,39.3571,-84.3023
US,Ohio,Mason,8/10/2020,8/28/2020,Warren,39165,39.3571,-84.3023
US,Ohio,Mason,8/10/2020,8/28/2020,Warren,39165,39.3571,-84.3023
US,Ohio,Mason,8/10/2020,8/28/2020,Warren,39165,39.3571,-84.3023
US,Ohio,Mason,8/10/2020,8/28/2020,Warren,39165,39.3571,-84.3023
US,Ohio,Mason,8/10/2020,8/28/2020,Warren,39165,39.3571,-84.3023
USA,South Carolina,Anderson,8/7/2020,8/29/2020,Anderson,45007,34.5212,-82.6478
USA,South Carolina,Anderson,8/8/2020,8/29/2020,Anderson,45007,34.5212,-82.6478
USA,South Carolina,Anderson,8/8/2020,8/29/2020,Anderson,45007,34.5212,-82.6478
USA,South Carolina,Anderson,8/8/2020,8/29/2020,Anderson,45007,34.5212,-82.6478
USA,South Carolina,Anderson,8/8/2020,8/29/2020,Anderson,45007,34.5212,-82.6478
USA,South Carolina,Anderson,8/8/2020,8/29/2020,Anderson,45007,34.5212,-82.6478
USA,South Carolina,Anderson,8/8/2020,8/29/2020,Anderson,45007,34.5212,-82.6478
USA,South Carolina,Anderson,8/8/2020,8/29/2020,Anderson,45007,34.5212,-82.6478
USA,South Carolina,Anderson,8/8/2020,8/29/2020,Anderson,45007,34.5212,-82.6478
USA,South Carolina,Anderson,8/8/2020,8/29/2020,Anderson,45007,34.5212,-82.6478
USA,South Carolina,Anderson,8/8/2020,8/29/2020,Anderson,45007,34.5212,-82.6478
USA,South Carolina,Anderson,8/8/2020,8/29/2020,Anderson,45007,34.5212,-82.6478
USA,South Carolina,Anderson,8/8/2020,8/29/2020,Anderson,45007,34.5212,-82.6478
USA,South Carolina,Anderson,8/8/2020,8/29/2020,Anderson,45007,34.5212,-82.6478
USA,South Carolina,Anderson,8/8/2020,8/29/2020,Anderson,45007,34.5212,-82.6478
USA,South Carolina,Anderson,8/8/2020,8/29/2020,Anderson,45007,34.5212,-82.6478
USA,South Carolina,Anderson,8/24/2020,8/28/2020,Anderson,45007,34.5212,-82.6478
USA,South Carolina,Anderson,8/24/2020,8/28/2020,Anderson,45007,34.5212,-82.6478
USA,South Carolina,Anderson,8/24/2020,8/28/2020,Anderson,45007,34.5212,-82.6478
USA,South Carolina,Anderson,8/24/2020,8/28/2020,Anderson,45007,34.5212,-82.6478
USA,South Carolina,Anderson,8/24/2020,8/28/2020,Anderson,45007,34.5212,-82.6478
USA,South Carolina,Anderson,8/8/2020,8/29/2020,Anderson,45007,34.5212,-82.6478
USA,South Carolina,Anderson,8/24/2020,8/28/2020,Anderson,45007,34.5212,-82.6478
USA,South Carolina,Anderson,8/8/2020,8/29/2020,Anderson,45007,34.5212,-82.6478
USA,South Carolina,Anderson,8/8/2020,8/29/2020,Anderson,45007,34.5212,-82.6478
USA,South Carolina,Anderson,8/8/2020,8/29/2020,Anderson,45007,34.5212,-82.6478
USA,South Carolina,Anderson,8/8/2020,8/29/2020,Anderson,45007,34.5212,-82.6478
USA,South Carolina,Anderson,8/8/2020,8/29/2020,Anderson,45007,34.5212,-82.6478
USA,South Carolina,Anderson,8/8/2020,8/29/2020,Anderson,45007,34.5212,-82.6478
USA,South Carolina,Anderson,8/8/2020,8/29/2020,Anderson,45007,34.5212,-82.6478
USA,South Carolina,Anderson,8/8/2020,8/29/2020,Anderson,45007,34.5212,-82.6478
USA,South Carolina,Anderson,8/8/2020,8/29/2020,Anderson,45007,34.5212,-82.6478
USA,South Carolina,Anderson,8/8/2020,8/29/2020,Anderson,45007,34.5212,-82.6478
USA,South Carolina,Anderson,8/8/2020,8/29/2020,Anderson,45007,34.5212,-82.6478
USA,South Carolina,Anderson,8/8/2020,8/29/2020,Anderson,45007,34.5212,-82.6478
USA,Georgia,MARIETTA,8/5/2020,8/30/2020,Cobb,13067,33.9532,-84.5422
USA,Georgia,MARIETTA,8/5/2020,8/30/2020,Cobb,13067,33.9532,-84.5422
USA,Georgia,MARIETTA,8/5/2020,8/30/2020,Cobb,13067,33.9532,-84.5422
USA,Georgia,MARIETTA,8/5/2020,8/30/2020,Cobb,13067,33.9532,-84.5422
USA,Georgia,MARIETTA,8/5/2020,8/30/2020,Cobb,13067,33.9532,-84.5422
USA,Georgia,MARIETTA,8/5/2020,8/30/2020,Cobb,13067,33.9532,-84.5422
USA,Georgia,MARIETTA,8/5/2020,8/30/2020,Cobb,13067,33.9532,-84.5422
USA,Georgia,MARIETTA,8/5/2020,8/30/2020,Cobb,13067,33.9532,-84.5422
USA,Rhode Island,Providence,8/5/2020,8/30/2020,Providence,44007,41.823,-71.4187
USA,Rhode Island,Providence,8/5/2020,8/30/2020,Providence,44007,41.823,-71.4187
USA,Alabama,Huntsville,8/8/2020,8/29/2020,Madison,1089,34.6988,-86.6412
USA,Alabama,Huntsville,8/8/2020,8/29/2020,Madison,1089,34.6988,-86.6412
USA,Alabama,Huntsville,8/8/2020,8/29/2020,Madison,1089,34.6988,-86.6412
USA,Alabama,Huntsville,8/8/2020,8/29/2020,Madison,1089,34.6988,-86.6412
USA,Florida,Panama City,8/8/2020,8/29/2020,Bay,12005,30.1995,-85.6003
USA,Florida,Panama City,8/8/2020,8/29/2020,Bay,12005,30.1995,-85.6003
USA,Florida,Panama City,8/8/2020,8/29/2020,Bay,12005,30.1995,-85.6003
USA,Florida,Panama City,8/8/2020,8/29/2020,Bay,12005,30.1995,-85.6003
USA,Florida,Panama City,8/8/2020,8/29/2020,Bay,12005,30.1995,-85.6003
USA,Florida,Panama City,8/8/2020,8/29/2020,Bay,12005,30.1995,-85.6003
USA,Florida,Panama City,8/8/2020,8/29/2020,Bay,12005,30.1995,-85.6003
USA,Florida,Panama City,8/8/2020,8/29/2020,Bay,12005,30.1995,-85.6003
USA,Florida,Panama City,8/8/2020,8/29/2020,Bay,12005,30.1995,-85.6003
USA,Florida,Navarre,8/3/2020,8/29/2020,Santa Rosa,12113,30.4174,-86.8907
USA,Virginia,Falmouth,8/10/2020,8/29/2020,Stafford,51179,38.332,-77.4655
USA,Georgia,Hull,8/10/2020,8/29/2020,Madison,13195,34.0155,-83.2939
USA,Illinois,Rockford,8/10/2020,8/29/2020,Winnebago,17201,42.2598,-89.0641
USA,Maryland,Aberdeen,8/17/2020,8/28/2020,Harford,24025,39.5146,-76.173
USA,Maryland,Aberdeen,8/17/2020,8/28/2020,Harford,24025,39.5146,-76.173
USA,New Mexico,Albuquerque,8/9/2020,8/30/2020,Bernalillo,35001,35.1053,-106.6464
USA,New Mexico,Albuquerque,8/9/2020,8/29/2020,Bernalillo,35001,35.1053,-106.6464
USA,New Mexico,Albuquerque,NA,NA,Bernalillo,35001,35.1053,-106.6464
USA,New Mexico,Albuquerque,8/9/2020,8/29/2020,Bernalillo,35001,35.1053,-106.6464
USA,Florida,Bradenton,8/8/2020,8/28/2020,Manatee,12081,27.49,-82.574
USA,Florida,Bradenton,8/8/2020,8/28/2020,Manatee,12081,27.49,-82.574
USA,Florida,Bradenton,8/8/2020,8/28/2020,Manatee,12081,27.49,-82.574
USA,Florida,Bradenton,8/8/2020,8/28/2020,Manatee,12081,27.49,-82.574
USA,Florida,Melbourne,8/8/2020,8/20/2020,Brevard,12009,28.1085,-80.6627
USA,Florida,Melbourne,8/8/2020,8/20/2020,Brevard,12009,28.1085,-80.6627
USA,Florida,Orlando,8/8/2020,8/20/2020,Orange,12095,28.4772,-81.3369
USA,Florida,Orlando,8/8/2020,8/20/2020,Orange,12095,28.4772,-81.3369
USA,New Mexico,White Sands,8/4/2020,8/29/2020,Doña Ana,35013,32.3808,-106.4837
USA,New Mexico,White Sands,8/4/2020,8/29/2020,Doña Ana,35013,32.3808,-106.4837
USA,New Mexico,White Sands,8/4/2020,8/29/2020,Doña Ana,35013,32.3808,-106.4837
USA,New Mexico,White Sands,8/4/2020,8/29/2020,Doña Ana,35013,32.3808,-106.4837
USA,Texas,El Paso,8/8/2020,8/29/2020,El Paso,48141,31.8479,-106.4309
USA,Alabama,Huntsville,8/10/2020,8/29/2020,Madison,1089,34.6988,-86.6412
USA,Alabama,Huntsville,8/10/2020,8/29/2020,Madison,1089,34.6988,-86.6412
USA,Virginia,Falmouth,8/8/2020,8/29/2020,Stafford,51179,38.332,-77.4655
USA,Virginia,Falmouth,8/8/2020,8/29/2020,Stafford,51179,38.332,-77.4655
USA,Virginia,Falmouth,8/8/2020,8/29/2020,Stafford,51179,38.332,-77.4655
USA,Virginia,Falmouth,8/8/2020,8/29/2020,Stafford,51179,38.332,-77.4655
USA,Massachusetts,Boston,8/2/2020,8/29/2020,Suffolk,25025,42.3188,-71.0846
USA,Massachusetts,Boston,8/2/2020,8/29/2020,Suffolk,25025,42.3188,-71.0846
USA,Massachusetts,Boston,8/2/2020,8/29/2020,Suffolk,25025,42.3188,-71.0846
USA,Alabama,Huntsville,8/8/2020,8/29/2020,Madison,1089,34.6988,-86.6412
USA,Florida,Pensacola,8/8/2020,8/29/2020,Escambia,12033,30.4427,-87.1886
USA,Florida,Panama City,8/8/2020,8/29/2020,Bay,12005,30.1995,-85.6003
USA,Florida,Panama City,8/8/2020,8/29/2020,Bay,12005,30.1995,-85.6003
USA,Florida,Panama City,8/8/2020,8/29/2020,Bay,12005,30.1995,-85.6003
USA,Florida,Panama City,8/8/2020,8/28/2020,Bay,12005,30.1995,-85.6003
USA,Virginia,Herndon,8/8/2020,8/29/2020,Fairfax,51059,38.9699,-77.3867
USA,Virginia,Herndon,8/8/2020,8/29/2020,Fairfax,51059,38.9699,-77.3867
USA,Georgia,Atlanta,8/8/2020,8/29/2020,Fulton,13121,33.7627,-84.4225
USA,Florida,Tampa,8/9/2020,8/28/2020,Hillsborough,12057,27.9942,-82.4451
USA,Texas,Dallas,8/9/2020,8/28/2020,Dallas,48113,32.7936,-96.7662
USA,Oregon,Portland,8/9/2020,8/28/2020,Multnomah,41051,45.5371,-122.65
USA,Oregon,Portland,8/9/2020,8/28/2020,Multnomah,41051,45.5371,-122.65
USA,Virginia,Arlington,8/9/2020,8/29/2020,Arlington,51013,38.8786,-77.1011
USA,Virginia,Arlington,8/9/2020,8/29/2020,Arlington,51013,38.8786,-77.1011
USA,Virginia,Arlington,8/9/2020,8/29/2020,Arlington,51013,38.8786,-77.1011
USA,Virginia,Arlington,8/9/2020,8/29/2020,Arlington,51013,38.8786,-77.1011
USA,Alabama,Huntsville,8/10/2020,8/28/2020,Madison,1089,34.6988,-86.6412
USA,Alabama,Huntsville,8/10/2020,8/28/2020,Madison,1089,34.6988,-86.6412
USA,Alabama,Huntsville,8/10/2020,8/28/2020,Madison,1089,34.6988,-86.6412
USA,Alabama,Huntsville,8/10/2020,8/28/2020,Madison,1089,34.6988,-86.6412
USA,Virginia,Leesburg,8/8/2020,8/29/2020,Loudoun,51107,39.1058,-77.5544
USA,Alabama,Huntsville,8/10/2020,8/28/2020,Madison,1089,34.6988,-86.6412
USA,Alabama,Huntsville,8/10/2020,8/28/2020,Madison,1089,34.6988,-86.6412
USA,Alabama,Huntsville,8/10/2020,8/28/2020,Madison,1089,34.6988,-86.6412
USA,Alabama,Huntsville,8/10/2020,8/28/2020,Madison,1089,34.6988,-86.6412
USA,Maryland,Elkridge,8/8/2020,8/22/2020,Howard,24027,39.1941,-76.7427
USA,Massachusetts,Lowell,8/8/2020,8/15/2020,Middlesex,25017,42.6389,-71.3217
USA,Massachusetts,Lowell,8/8/2020,8/15/2020,Middlesex,25017,42.6389,-71.3217
USA,New Mexico,Albuquerque,8/8/2020,8/29/2020,Bernalillo,35001,35.1053,-106.6464
USA,New Mexico,Albuquerque,8/8/2020,8/29/2020,Bernalillo,35001,35.1053,-106.6464
USA,Virginia,Fort Belvoir,8/8/2020,8/29/2020,Fairfax,51059,38.7119,-77.1459
USA,Virgina,Fort Belvoir,8/8/2020,8/29/2020,Fairfax,51059,38.7119,-77.1459
USA,California,San Francisco,8/7/2020,8/29/2020,San Francisco,6075,37.7562,-122.443
USA,California,San Francisco,8/7/2020,8/29/2020,San Francisco,6075,37.7562,-122.443
USA,California,San Francisco,8/7/2020,8/29/2020,San Francisco,6075,37.7562,-122.443
USA,California,San Francisco,8/7/2020,8/11/2020,San Francisco,6075,37.7562,-122.443
USA,California,San Francisco,8/7/2020,8/11/2020,San Francisco,6075,37.7562,-122.443
USA,California,San Francisco,8/7/2020,8/11/2020,San Francisco,6075,37.7562,-122.443
USA,California,San Francisco,8/7/2020,8/11/2020,San Francisco,6075,37.7562,-122.443
USA,California,Long Beach,8/9/2020,8/29/2020,Los Angeles,6037,33.798,-118.1675
USA,Maryland,Aberdeen,8/9/2020,8/12/2020,Harford,24025,39.5146,-76.173
USA,Maryland,Aberdeen,8/9/2020,8/12/2020,Harford,24025,39.5146,-76.173
USA,Maryland,Aberdeen,8/9/2020,8/29/2020,Harford,24025,39.5146,-76.173
USA,Maryland,Aberdeen,8/9/2020,8/29/2020,Harford,24025,39.5146,-76.173
USA,Maryland,Aberdeen,8/9/2020,8/29/2020,Harford,24025,39.5146,-76.173
USA,Maryland,Aberdeen,8/9/2020,8/29/2020,Harford,24025,39.5146,-76.173
USA,Maryland,Aberdeen,8/9/2020,8/29/2020,Harford,24025,39.5146,-76.173
USA,Maryland,Aberdeen,8/9/2020,8/29/2020,Harford,24025,39.5146,-76.173
USA,Texas,San Antonio,8/8/2020,8/30/2020,Bexar,48029,29.4658,-98.5254
USA,Texas,San Antonio,8/8/2020,8/29/2020,Bexar,48029,29.4658,-98.5254
USA,Texas,San Antonio,8/17/2020,8/29/2020,Bexar,48029,29.4658,-98.5254
USA,Texas,San Antonio,8/23/2020,8/29/2020,Bexar,48029,29.4658,-98.5254
USA,Texas,San Antonio,8/23/2020,8/29/2020,Bexar,48029,29.4658,-98.5254
USA,Georgia,Mcdonough,8/8/2020,8/29/2020,Henry,13151,33.4399,-84.1508
USA,Georgia,Mcdonough,8/8/2020,8/29/2020,Henry,13151,33.4399,-84.1508
USA,Georgia,Atlanta,8/8/2020,8/29/2020,Fulton,13121,33.7627,-84.4225
USA,Georgia,Stockbridge,8/8/2020,8/29/2020,Henry,13151,33.5253,-84.2294
USA,Georgia,Atlanta,8/8/2020,8/29/2020,Fulton,13121,33.7627,-84.4225
USA,Georgia,Atlanta,8/8/2020,8/29/2020,Fulton,13121,33.7627,-84.4225
USA,Georgia,Cumming,8/8/2020,8/29/2020,Forsyth,13117,34.2064,-84.1337
USA,Virginia,Richmond,8/8/2020,8/29/2020,Richmond,51760,37.5295,-77.4756
USA,Virginia,Falmouth,8/8/2020,8/29/2020,Stafford,51179,38.332,-77.4655
USA,Virginia,Leesburg,8/8/2020,8/29/2020,Loudoun,51107,39.1058,-77.5544
USA,Maryland,Annapolis,8/8/2020,8/29/2020,Anne Arundel,24003,38.9706,-76.5047
USA,Maryland,Rockville,8/8/2020,8/29/2020,Montgomery,24031,39.0834,-77.1553
USA,Virginia,Richmond,8/8/2020,8/29/2020,Richmond,51760,37.5295,-77.4756
USA,Maryland,Baltimore,8/8/2020,8/29/2020,Baltimore,24510,39.3051,-76.6144
USA,Maryland,Baltimore,8/8/2020,8/29/2020,Baltimore,24510,39.3051,-76.6144
USA,Maryland,Annapolis,8/8/2020,8/29/2020,Anne Arundel,24003,38.9706,-76.5047
USA,Maryland,Prince Frederick,8/8/2020,8/29/2020,Calvert,24009,38.544,-76.5879
USA,Virginia,Alexandria,8/8/2020,8/29/2020,Alexandria,51510,38.8185,-77.0861
USA,Virginia,McLean,8/8/2020,8/29/2020,Fairfax,51059,38.9436,-77.1943
USA,Alabama,Huntsville,8/9/2020,8/29/2020,Madison,1089,34.6988,-86.6412
USA,Alabama,Huntsville,8/9/2020,8/29/2020,Madison,1089,34.6988,-86.6412
USA,Alabama,Huntsville,8/9/2020,8/29/2020,Madison,1089,34.6988,-86.6412
USA,Alabama,Huntsville,8/9/2020,8/29/2020,Madison,1089,34.6988,-86.6412
USA,Alabama,Huntsville,8/9/2020,8/29/2020,Madison,1089,34.6988,-86.6412
USA,Alabama,Huntsville,8/9/2020,8/29/2020,Madison,1089,34.6988,-86.6412
USA,Alabama,Huntsville,8/9/2020,8/29/2020,Madison,1089,34.6988,-86.6412
USA,Alabama,Huntsville,8/9/2020,8/29/2020,Madison,1089,34.6988,-86.6412
USA,Alabama,Huntsville,8/9/2020,8/29/2020,Madison,1089,34.6988,-86.6412
USA,Alabama,Huntsville,8/9/2020,8/29/2020,Madison,1089,34.6988,-86.6412
USA,Alabama,Huntsville,8/9/2020,8/29/2020,Madison,1089,34.6988,-86.6412
USA,Alabama,Huntsville,8/9/2020,8/29/2020,Madison,1089,34.6988,-86.6412
USA,Alabama,Huntsville,8/9/2020,8/29/2020,Madison,1089,34.6988,-86.6412
USA,Alabama,Huntsville,8/9/2020,8/29/2020,Madison,1089,34.6988,-86.6412
USA,Alabama,Huntsville,8/9/2020,8/29/2020,Madison,1089,34.6988,-86.6412
USA,Alabama,Huntsville,8/9/2020,8/29/2020,Madison,1089,34.6988,-86.6412
USA,Alabama,Huntsville,8/9/2020,8/29/2020,Madison,1089,34.6988,-86.6412
USA,Alabama,Huntsville,8/9/2020,8/29/2020,Madison,1089,34.6988,-86.6412
USA,Alabama,Huntsville,8/9/2020,8/29/2020,Madison,1089,34.6988,-86.6412
USA,Alabama,Huntsville,8/9/2020,8/29/2020,Madison,1089,34.6988,-86.6412
USA,Alabama,Huntsville,8/9/2020,8/29/2020,Madison,1089,34.6988,-86.6412
USA,Alabama,Huntsville,8/9/2020,8/29/2020,Madison,1089,34.6988,-86.6412
USA,Alabama,Huntsville,8/9/2020,8/29/2020,Madison,1089,34.6988,-86.6412
USA,Alabama,Huntsville,8/9/2020,8/29/2020,Madison,1089,34.6988,-86.6412
USA,Alabama,Huntsville,8/9/2020,8/29/2020,Madison,1089,34.6988,-86.6412
USA,Alabama,Huntsville,8/9/2020,8/29/2020,Madison,1089,34.6988,-86.6412
USA,Alabama,Huntsville,8/9/2020,8/29/2020,Madison,1089,34.6988,-86.6412
USA,Alabama,Huntsville,8/9/2020,8/29/2020,Madison,1089,34.6988,-86.6412
USA,Alabama,Huntsville,8/9/2020,8/29/2020,Madison,1089,34.6988,-86.6412
USA,Alabama,Huntsville,8/9/2020,8/29/2020,Madison,1089,34.6988,-86.6412
USA,Virginia,King George,8/9/2020,8/29/2020,King George,51099,38.2807,-77.1896
USA,Virginia,King George,8/9/2020,8/29/2020,King George,51099,38.2807,-77.1896
USA,Virginia,King George,8/9/2020,8/29/2020,King George,51099,38.2807,-77.1896
USA,Virginia,King George,8/9/2020,8/29/2020,King George,51099,38.2807,-77.1896
USA,Virginia,King George,8/9/2020,8/29/2020,King George,51099,38.2807,-77.1896
USA,Virginia,King George,8/9/2020,8/19/2020,King George,51099,38.2807,-77.1896
USA,Virginia,King George,8/9/2020,8/19/2020,King George,51099,38.2807,-77.1896
USA,Virginia,King George,8/16/2020,8/29/2020,King George,51099,38.2807,-77.1896
USA,Virginia,King George,8/16/2020,8/29/2020,King George,51099,38.2807,-77.1896
USA,Texas,McKinney,8/8/2020,8/29/2020,Collin,48085,33.2016,-96.6669
USA,Texas,McKinney,8/8/2020,8/29/2020,Collin,48085,33.2016,-96.6669
USA,Texas,McKinney,8/8/2020,8/29/2020,Collin,48085,33.2016,-96.6669
USA,Texas,McKinney,8/8/2020,8/29/2020,Collin,48085,33.2016,-96.6669
USA,Texas,McKinney,8/8/2020,8/29/2020,Collin,48085,33.2016,-96.6669
USA,Maryland,Gaithersburg,8/9/2020,8/29/2020,Montgomery,24031,39.1346,-77.2132
USA,Massachusetts,Lowell,8/8/2020,8/29/2020,Middlesex,25017,42.6389,-71.3217
USA,New York,Syracuse,8/9/2020,8/29/2020,Onondaga,36067,43.0409,-76.1438
USA,New York,Syracuse,8/9/2020,8/29/2020,Onondaga,36067,43.0409,-76.1438
USA,New York,Syracuse,8/9/2020,8/29/2020,Onondaga,36067,43.0409,-76.1438
USA,New York,Syracuse,8/9/2020,8/22/2020,Onondaga,36067,43.0409,-76.1438
USA,New York,Syracuse,8/23/2020,8/28/2020,Onondaga,36067,43.0409,-76.1438
USA,New York,Syracuse,8/9/2020,8/20/2020,Onondaga,36067,43.0409,-76.1438
USA,New York,Syracuse,8/18/2020,8/28/2020,Onondaga,36067,43.0409,-76.1438
USA,New York,Syracuse,8/9/2020,8/20/2020,Onondaga,36067,43.0409,-76.1438
USA,New York,Syracuse,8/18/2020,8/28/2020,Onondaga,36067,43.0409,-76.1438
USA,New York,Syracuse,8/9/2020,8/20/2020,Onondaga,36067,43.0409,-76.1438
USA,New York,Syracuse,8/18/2020,8/28/2020,Onondaga,36067,43.0409,-76.1438
USA,New York,Syracuse,8/9/2020,8/20/2020,Onondaga,36067,43.0409,-76.1438
USA,New York,Syracuse,8/18/2020,8/28/2020,Onondaga,36067,43.0409,-76.1438
USA,New York,Syracuse,8/23/2020,8/28/2020,Onondaga,36067,43.0409,-76.1438
USA,New York,Syracuse,8/23/2020,8/28/2020,Onondaga,36067,43.0409,-76.1438
USA,Alabama,Huntsville,8/8/2020,8/29/2020,Madison,1089,34.6988,-86.6412
USA,Alabama,Huntsville,8/8/2020,8/29/2020,Madison,1089,34.6988,-86.6412
USA,Alabama,Huntsville,8/8/2020,8/15/2020,Madison,1089,34.6988,-86.6412
USA,Alabama,Huntsville,8/9/2020,8/29/2020,Madison,1089,34.6988,-86.6412
USA,Alabama,Huntsville,8/9/2020,8/29/2020,Madison,1089,34.6988,-86.6412
USA,Alabama,Huntsville,8/9/2020,8/29/2020,Madison,1089,34.6988,-86.6412
USA,Alabama,Huntsville,8/9/2020,8/29/2020,Madison,1089,34.6988,-86.6412
USA,Alabama,Huntsville,8/9/2020,8/29/2020,Madison,1089,34.6988,-86.6412
USA,Alabama,Huntsville,8/9/2020,8/29/2020,Madison,1089,34.6988,-86.6412
USA,Alabama,Huntsville,8/9/2020,8/29/2020,Madison,1089,34.6988,-86.6412
USA,Alabama,Huntsville,8/9/2020,8/29/2020,Madison,1089,34.6988,-86.6412
USA,Alabama,Huntsville,8/9/2020,8/29/2020,Madison,1089,34.6988,-86.6412
USA,Alabama,Huntsville,8/9/2020,8/29/2020,Madison,1089,34.6988,-86.6412
USA,Alabama,Huntsville,8/9/2020,8/29/2020,Madison,1089,34.6988,-86.6412
USA,Alabama,Huntsville,8/9/2020,8/29/2020,Madison,1089,34.6988,-86.6412
USA,???,UNK,8/9/2020,8/18/2020,NA,NA,NA,NA
USA,Arizona,Tucson,8/8/2020,8/29/2020,Pima,4019,32.1545,-110.8782
USA,Arizona,Tucson,8/8/2020,8/29/2020,Pima,4019,32.1545,-110.8782
USA,Arizona,Tucson,8/8/2020,8/29/2020,Pima,4019,32.1545,-110.8782
USA,Arizona,Tucson,8/8/2020,8/29/2020,Pima,4019,32.1545,-110.8782
USA,Arizona,Tucson,8/8/2020,8/29/2020,Pima,4019,32.1545,-110.8782
USA,Arizona,Tucson,8/8/2020,8/29/2020,Pima,4019,32.1545,-110.8782
USA,Arizona,Tucson,8/8/2020,8/29/2020,Pima,4019,32.1545,-110.8782
USA,Arizona,Tucson,8/8/2020,8/29/2020,Pima,4019,32.1545,-110.8782
USA,Arizona,Tucson,8/8/2020,8/29/2020,Pima,4019,32.1545,-110.8782
USA,Arizona,Tucson,8/8/2020,8/29/2020,Pima,4019,32.1545,-110.8782
USA,???,UNK,8/17/2020,8/22/2020,NA,NA,NA,NA
USA,???,UNK,8/17/2020,8/22/2020,NA,NA,NA,NA
USA,???,UNK,8/17/2020,8/22/2020,NA,NA,NA,NA
USA,???,UNK,8/17/2020,8/22/2020,NA,NA,NA,NA
USA,Florida,Panama City Beach,8/9/2020,8/29/2020,Bay,12005,30.2369,-85.8774
USA,Florida,Panama City Beach,8/9/2020,8/29/2020,Bay,12005,30.2369,-85.8774
USA,Florida,Panama City Beach,8/9/2020,8/29/2020,Bay,12005,30.2369,-85.8774
USA,Florida,Panama City Beach,8/9/2020,8/29/2020,Bay,12005,30.2369,-85.8774
USA,Florida,Panama City Beach,8/9/2020,8/29/2020,Bay,12005,30.2369,-85.8774
USA,Florida,Panama City Beach,8/9/2020,8/29/2020,Bay,12005,30.2369,-85.8774
USA,Florida,Panama City Beach,8/9/2020,8/29/2020,Bay,12005,30.2369,-85.8774
USA,Florida,Panama City Beach,8/9/2020,8/29/2020,Bay,12005,30.2369,-85.8774
USA,Alabama,Huntsville,8/8/2020,8/29/2020,Madison,1089,34.6988,-86.6412
USA,Alabama,Huntsville,8/8/2020,8/29/2020,Madison,1089,34.6988,-86.6412
USA,Alabama,Huntsville,8/8/2020,8/29/2020,Madison,1089,34.6988,-86.6412
USA,Alabama,Huntsville,8/8/2020,8/29/2020,Madison,1089,34.6988,-86.6412
USA,Alabama,Huntsville,8/8/2020,8/29/2020,Madison,1089,34.6988,-86.6412
USA,Oklahoma,Perkins,8/8/2020,8/29/2020,Payne,40119,35.978,-97.0299
USA,Oklahoma,Perkins,8/8/2020,8/29/2020,Payne,40119,35.978,-97.0299
USA,Oklahoma,Perkins,8/8/2020,8/29/2020,Payne,40119,35.978,-97.0299
USA,Oklahoma,Perkins,8/8/2020,8/29/2020,Payne,40119,35.978,-97.0299
USA,Alabama,Huntsville,8/8/2020,8/29/2020,Madison,1089,34.6988,-86.6412
USA,Alabama,Huntsville,8/8/2020,8/29/2020,Madison,1089,34.6988,-86.6412
USA,Alabama,Huntsville,8/8/2020,8/29/2020,Madison,1089,34.6988,-86.6412
USA,Texas,El Paso,8/8/2020,8/29/2020,El Paso,48141,31.8479,-106.4309
USA,New Mexico,Las Cruces,8/8/2020,8/29/2020,Doña Ana,35013,32.3265,-106.7893
USA,New Mexico,Las Cruces,8/8/2020,8/29/2020,Doña Ana,35013,32.3265,-106.7893
USA,Texas,El Paso,8/8/2020,8/29/2020,El Paso,48141,31.8479,-106.4309
USA,New Mexico,Las Cruces,8/8/2020,8/29/2020,Doña Ana,35013,32.3265,-106.7893
USA,New Mexico,Las Cruces,8/8/2020,8/29/2020,Doña Ana,35013,32.3265,-106.7893
USA,New Mexico,Las Cruces,8/8/2020,8/29/2020,Doña Ana,35013,32.3265,-106.7893
USA,New Mexico,Alamogordo,8/8/2020,8/29/2020,Otero,35035,32.8837,-105.9624
USA,New Mexico,Alamogordo,8/8/2020,8/29/2020,Otero,35035,32.8837,-105.9624
USA,New Mexico,Alamogordo,8/8/2020,8/29/2020,Otero,35035,32.8837,-105.9624
USA,New Mexico,Alamogordo,8/8/2020,8/29/2020,Otero,35035,32.8837,-105.9624
USA,New Mexico,Las Cruces,8/8/2020,8/29/2020,Doña Ana,35013,32.3265,-106.7893
USA,Texas,El Paso,8/8/2020,8/29/2020,El Paso,48141,31.8479,-106.4309
USA,Texas,El Paso,8/8/2020,8/29/2020,El Paso,48141,31.8479,-106.4309
USA,Texas,El Paso,8/8/2020,8/29/2020,El Paso,48141,31.8479,-106.4309
USA,Texas,El Paso,8/8/2020,8/29/2020,El Paso,48141,31.8479,-106.4309
USA,Texas,El Paso,8/8/2020,8/29/2020,El Paso,48141,31.8479,-106.4309
USA,Texas,El Paso,8/8/2020,8/29/2020,El Paso,48141,31.8479,-106.4309
USA,New Mexico,Las Cruces,8/8/2020,8/29/2020,Doña Ana,35013,32.3265,-106.7893
