﻿Title,Location,State,County,Reason for TDY,Travelers,Unit,Start Date,End Date,Latitude,Longitude,Status,Item Type,Path
Project Enigma,,,,,,46 TS,3/17/2020,3/21/2020,,,Approved,Item,teams/ExecutiveOfficer/Lists/ETP Tracker
Sensor Week,,,,,,46 TS,3/18/2020,3/26/2020,,,Approved,Item,teams/ExecutiveOfficer/Lists/ETP Tracker
Olejnik Return (GHOST),"Tampa, FL",,,,1,47 CTS,3/19/2020,3/20/2020,27.9465,-82.4592,Approved,Item,teams/ExecutiveOfficer/Lists/ETP Tracker
Minute Man III,,,,,,46 TS,3/22/2020,4/15/2020,,,Cancelled,Item,teams/ExecutiveOfficer/Lists/ETP Tracker
JMPS,,,,,,45 TS,4/13/2020,,,,Cancelled,Item,teams/ExecutiveOfficer/Lists/ETP Tracker
LAK,"Anchorage, AK",,,,1,46 TS,5/5/2020,5/6/2020,61.2175,-149.8582,Approved,Item,teams/ExecutiveOfficer/Lists/ETP Tracker
Gregory Amig,"Lake Charles, LA",,,,1,46 TS,5/17/2020,5/18/2020,30.2292,-93.2171,Approved,Item,teams/ExecutiveOfficer/Lists/ETP Tracker
HHL16-VDL,"Sunrise, FL",,,,2,46 TS,5/17/2020,5/23/2020,26.169,-80.294,Approved,Item,teams/ExecutiveOfficer/Lists/ETP Tracker
CV2 Install,,,,,,47 CTS,5/18/2020,,,,Cancelled,Item,teams/ExecutiveOfficer/Lists/ETP Tracker
Talon Spitball,"Fallon, NV",,,,4,46 TS,5/18/2020,6/13/2020,39.4739,-118.7815,Approved,Item,teams/ExecutiveOfficer/Lists/ETP Tracker
TBMCS,Cheyenne Mountain AFB,,,,2,45 TS,5/19/2020,5/21/2020,38.7437,-104.8467,Approved,Item,teams/ExecutiveOfficer/Lists/ETP Tracker
LEAVE: Rexford,,,,,,46 TS,5/20/2020,5/27/2020,,,Approved,Item,teams/ExecutiveOfficer/Lists/ETP Tracker
JBADS Lite,"Dover, DE",,,,1,46 TS,5/25/2020,5/31/2020,39.1644,-75.5282,Approved,Item,teams/ExecutiveOfficer/Lists/ETP Tracker
HOME,Buckley AFB,,,,3,45 TS,5/26/2020,6/13/2020,39.7034,-104.7616,Approved,Item,teams/ExecutiveOfficer/Lists/ETP Tracker
PNVC,Hanscom afb,,,,3,46 TS,5/29/2020,6/10/2020,42.47,-71.2891,Approved,Item,teams/ExecutiveOfficer/Lists/ETP Tracker
WSINT,Nellis AFB,,,,6,46 TS,5/29/2020,6/10/2020,36.2362,-115.0343,Approved,Item,teams/ExecutiveOfficer/Lists/ETP Tracker
LEAVE: Accetola,,,,,,47 CTS,5/29/2020,6/1/2020,,,Approved,Item,teams/ExecutiveOfficer/Lists/ETP Tracker
PNVC,,,,,,46 TS,5/30/2020,6/14/2020,,,Rejected,Item,teams/ExecutiveOfficer/Lists/ETP Tracker
JSTARS EMC/SOF for OFP updates 4-15 June 2020,Robins AFB,,,,6,46 TS,6/4/2020,6/15/2020,32.6387,-83.591,Approved,Item,teams/ExecutiveOfficer/Lists/ETP Tracker
"JSTARS (Baren, Amig)",Robins AFB,,,,2,46 TS,6/4/2020,6/15/2020,32.6387,-83.591,Approved,Item,teams/ExecutiveOfficer/Lists/ETP Tracker
3DELRR WSMR TDY,"White Sand, NM",,,,3,46 TS,6/14/2020,6/18/2020,32.7791,-106.1729,Approved,Item,teams/ExecutiveOfficer/Lists/ETP Tracker
PNVC,NAS Patuxent,,,,3,47 CTS,6/14/2020,6/21/2020,,,Approved,Item,teams/ExecutiveOfficer/Lists/ETP Tracker
GBSD (Newton),Hill AFB ,,,,1,47 CTS,6/14/2020,6/22/2020,41.1239,-111.973,Approved,Item,teams/ExecutiveOfficer/Lists/ETP Tracker
GatewayOne/ABMS,Yuma Proving Grounds,,,,17,46 TS,6/15/2020,7/3/2020,33.0177,-114.2525,Approved,Item,teams/ExecutiveOfficer/Lists/ETP Tracker
MH-65,"Atlantic City, NJ",,,,1,46 TS,6/15/2020,6/19/2020,39.3606,-74.4318,Approved,Item,teams/ExecutiveOfficer/Lists/ETP Tracker
Tyndall ETP (BCS),Tyndall AFB,Florida,Bay,"Battle Control System is the integrated air defense system for the country.  Developmental testing is done at the System Support Facility, Tyndall AFB, FL.  Last week a new software release was the installed.  The install was done by the 520th (Hill AFB – depot team) and Booze Allen Hamilton, with support from our team.
",5,46 TS,6/22/2020,8/7/2020,30.072,-85.5879,Approved,Item,teams/ExecutiveOfficer/Lists/ETP Tracker
WAS,"Rome, NY",,,,1,46 TS,6/22/2020,6/26/2020,43.213,-75.4552,Approved,Item,teams/ExecutiveOfficer/Lists/ETP Tracker
Hillman (GRE PTDY),"Dothan, AL",,,,1,46 TS,6/24/2020,6/25/2020,31.2242,-85.3911,Approved,Item,teams/ExecutiveOfficer/Lists/ETP Tracker
HOME,Buckley AFB,,,,3,45 TS,6/26/2020,7/3/2020,39.7034,-104.7616,Approved,Item,teams/ExecutiveOfficer/Lists/ETP Tracker
HH-VDL,David Monthan AFB,Arizona,Pima,"The purpose of this TDY is to conduct HH-VDL DT/OT at Davis-Monthan to include Live-Fly Testing.  This event is at the request of the PMO (AFLCMC/WIS, SML Col Joel Luker) and is in partnership with USN NIWC (previously SPAWAR) to combine DT/OT objectives and minimize TDYs during the  current travel restrictions.  The combined DT/OT also reduces additional contract extension costs due to COVID.  The 46 TS is responsible for specialized data collection tools and video analytical software and are an essential component of the test team.  Completion of this test event will provide both ALCMC/WISN and USN NIWC the data required to reach production and fielding decisions for the HH-VDL/PRC-165. 
",2,46 TS,6/28/2020,7/10/2020,32.0949,-110.5058,Approved,Item,teams/ExecutiveOfficer/Lists/ETP Tracker
CARB,"Rancho, CA",California,Tulare,,,45 TS,6/28/2020,7/2/2020,38.2066,-121.1998,Approved,Item,teams/ExecutiveOfficer/Lists/ETP Tracker
PCS: Van Osterom,,,,,,47 CTS,6/30/2020,,,,Approved,Item,teams/ExecutiveOfficer/Lists/ETP Tracker
INBOUND: Peterson PCS,Hanscom AFB,,,,1,46 TS,7/1/2020,7/10/2020,42.47,-71.2891,Approved,Item,teams/ExecutiveOfficer/Lists/ETP Tracker
PCS: Olejnik,,,,,,Det 1,7/3/2020,,,,Cancelled,Item,teams/ExecutiveOfficer/Lists/ETP Tracker
EPAWSS,Point Magu,California,Ventura,"TDY travel required to execute testing of the F-15 EPAWSS at the Electronic Combat Simulation and Evaluation Laboratory
",2,46 TS,7/5/2020,7/18/2020,34.1155,-119.122,Approved,Item,teams/ExecutiveOfficer/Lists/ETP Tracker
CMCC,Beale AFB,California,Yuba,"The purpose of this TDY is to support CT/DT/OT of the Air Force Rapid Capabilities Office (AFRCO) CMCC program with the 605 TES/Det 3 at the primary test site on Beale AFB, CA.  The DT/OT activities will be conducted by a ""Consortium"" of industry vendors and government system integrators/testers to inform a Milestone C decision and operational fielding in Jan 2021.  46 TS and 45 TS travel is required to provide CMCC system developers, MIT/Lincoln Labs, and 605 TES/Det 3 data and data analysis products to satisfy planned test objectives.  Distributive test capabilities from Eglin AFB are insufficient to accomplish the planned test objectives.  Data from the DT/OT activities will also support preparedness for the Advanced Battle Management System (ABMS) Demos #2 and #3 occurring in August and September 2020.  CMCC is the a key data hub for the ABMS demos.
",3,46 TS,7/5/2020,7/11/2020,39.0729,-121.2357,Approved,Item,teams/ExecutiveOfficer/Lists/ETP Tracker
LEAVE: Lewis,,,,,,46 TS,7/5/2020,7/14/2020,,,Rejected,Item,teams/ExecutiveOfficer/Lists/ETP Tracker
CDL,"Fairfax County, VA",Virginia,Fairfax,"Failure to complete BE CDL testing will result in massive delays to CDL terminals seeking CDL certifications. Additionally, the contractor will seek full payment for products the Government was unable to inspect, test or verify due to the Government being unable participate and witness Contractor hosted test events. 
",1,Det 1,7/5/2020,7/11/2020,38.83,-77.28,Approved,Item,teams/ExecutiveOfficer/Lists/ETP Tracker
A-10 NDAA 1647,Hill AFB,Utah,Davis,"TDY travel for hands on testing of the A-10 Cooperative Vulnerability Penetration Assessment (CVPA) for the National Defense Authorization Act (NDAA) Section 1647.  This A-10 CVPA is needed to close out the last the congressional mandated aircraft platform assigned to the 47th Cyberspace Test Squadron Operating Location – Alpha (47 CTS/OL-A) before the NDAA 1647 CROWS funding ends. Six months of research and planning has already been conducted in preparation for this CVPA. If this CVPA does not take place as scheduled, the A-10 Program Management Office (PMO) will have to find the funding to hire the 47 CTS to conduct this test. This CVPA is being executed by the 47th CTS cyber experts, and it cannot be accomplished by anyone else.  
",6,47 CTS/OL-A,7/6/2020,7/17/2020,41.1239,-111.973,Approved,Item,teams/ExecutiveOfficer/Lists/ETP Tracker
JSF ALIS,"Fort Worth, TX",Texas,Tarrant,"""TDY travel for hands on testing of the Joint Strike Fighter (JSF) Autonomic Logistics Information System (ALIS) Enterprise test Cooperative Vulnerability Penetration Assessment (CVPA).  The primary purpose of the CVPA test is to reduce risk for an Adversarial Assessment (AA) of the ALIS enterprise to a level acceptable to JPO and LM leadership using an operationally representative environment. 

""
",4,47 CTS/OL-A,7/6/2020,7/10/2020,32.7509,-97.3308,Approved,Item,teams/ExecutiveOfficer/Lists/ETP Tracker
CRH,Robins AFB,Georgia,Houston,"TDY travel for hands on testing of the Tier 2 Combat Rescue Helicopter (CRH) adversarial cybersecurity developmental (ACD) test and evaluation.
",6,47 CTS/OL-A,7/6/2020,7/17/2020,32.6387,-83.591,Approved,Item,teams/ExecutiveOfficer/Lists/ETP Tracker
MALD-X (Jeter),Barksdale AFB,Louisiana,Bossier Parish,"Test Engineer/Conductor in Pt Mugu Operations Control Room (OCR) communicating with airborne B-52H for flight test vehicle health and status prior to live fire on Pacific Ocean Sea Test Range.
",1,45 TS,7/6/2020,7/17/2020,32.5137,-93.6403,Approved,Item,teams/ExecutiveOfficer/Lists/ETP Tracker
IBDSS (Albers),"Cape Canaveral, FL",Florida,Brevard,"Perform testing on the new JSTARS Central Computers Replacement/IR50.11 program and associated hardware, during Ground Test #3. Testing is mission essential to the combat wing at Robins. See memo from WG/CC.
",1,46 TS,7/6/2020,7/18/2020,28.4555,-80.5277,Approved,Item,teams/ExecutiveOfficer/Lists/ETP Tracker
INBOUND: Peregrine,"Ypsilanti, MI",,,,2,46 TS,7/6/2020,7/8/2020,42.2398,-83.6145,Approved,Item,teams/ExecutiveOfficer/Lists/ETP Tracker
INBOUND: SRI Survey,"Panama City, FL",,,,2,46 TS,7/6/2020,7/10/2020,30.1598,-85.6603,Approved,Item,teams/ExecutiveOfficer/Lists/ETP Tracker
INBOUND: SRI Survey,"El Paso, TX ",,,,1,46 TS,7/6/2020,7/10/2020,31.7591,-106.4874,Approved,Item,teams/ExecutiveOfficer/Lists/ETP Tracker
INBOUND: Peregrine,Kirtland AFB,,,,3,46 TS,7/6/2020,7/8/2020,35.0402,-106.6091,Approved,Item,teams/ExecutiveOfficer/Lists/ETP Tracker
TRAINING: Villarreal (Cyber 200),Wright-Patterson AFB,Ohio,Greene,"The purpose of the TDY is for Capt Villarreal to attend the Cyber 200 PME course at WPAFB.   The 3-week course is designed for the entire 17D career field, as well as other cyber professionals. The course refreshes and provides breadth on concepts taught in Undergraduate Cyber Training (UCT). The course curriculum is structured to leverage students’ career experience and training to plan, direct, and execute defensive, offensive, and DODIN operations in support of the AF core missions and Joint operations.
",1,47 CTS/Det 1,7/7/2020,7/24/2020,39.8147,-84.0378,Approved,Item,teams/ExecutiveOfficer/Lists/ETP Tracker
GPS III,Cape Canaveral,,,,2,47 CTS,7/7/2020,7/9/2020,28.4555,-80.5277,Cancelled,Item,teams/ExecutiveOfficer/Lists/ETP Tracker
INBOUND: ALE,"Atlanta, GA",,,,4,46 TS,7/7/2020,7/8/2020,33.7483,-84.3911,Approved,Item,teams/ExecutiveOfficer/Lists/ETP Tracker
INBOUND: SRI Survey,"Anderson, SC",,,,5,46 TS,7/7/2020,7/9/2020,34.4998,-82.6512,Approved,Item,teams/ExecutiveOfficer/Lists/ETP Tracker
GatewayOne (Nellis),Nellis AFB,Nevada,Clark,"This is an amendment to the already approved TDY to Yuma Proving Grounds for GatewayONE software/hardware integration testing.  This additional location for 46TS personnel/equipment to Nellis AFB is to work on the 422 TES flight line/Data Lab to buy-down risk for the 5th Gen live fly o/a 29 July at YPG.  The current integration efforts at YPG involve both software development/integration for the GatewayONE payload, as well as hardware integration with the XQ-58A.  Due to unforeseen technical delays with integrating the hardware into the XQ-58A, the software development that was to happen concurrently has been delayed.  In order to accelerate software development, a benchtop version is being shipped to Nellis AFB so that the GatewayONE team can get additional live-fly data against F-22/F-35 to ensure full system functionality prior to the 29 July flight test.  The 422 has offered support at Nellis to enable more rapid integration testing than can be done at YPG.  As such, the software integration team will deploy to Nellis while hardware integration continues at YPG.
",3,46 TS,7/8/2020,7/31/2020,36.2362,-115.0343,Approved,Item,teams/ExecutiveOfficer/Lists/ETP Tracker
INBOUND: RadarNet,,,,,,46 TS,7/8/2020,7/17/2020,,,Cancelled,Item,teams/ExecutiveOfficer/Lists/ETP Tracker
INBOUND: SRI Survey,"Huntsville, AL",,,,2,46 TS,7/9/2020,7/10/2020,34.7295,-86.5853,Approved,Item,teams/ExecutiveOfficer/Lists/ETP Tracker
"MALD-X (Knebl, Finley)",NAS Point Magu,California,Ventura,"Test Engineer/Conductor in Pt Mugu Operations Control Room (OCR) communicating with airborne B-52H for flight test vehicle health and status prior to live fire on Pacific Ocean Sea Test Range.
",2,46 TS,7/10/2020,7/17/2020,34.1155,-119.122,Approved,Item,teams/ExecutiveOfficer/Lists/ETP Tracker
LEAVE: Cameron,,,,,,46 TS,7/11/2020,7/20/2020,,,Cancelled,Item,teams/ExecutiveOfficer/Lists/ETP Tracker
WEBS (Campbell),Offut AFB,Nebraska,Sarpy,"Mr Campbell is the only government developmental and evaluation tester for the WDA4D Release 20C.  The WDA4D Release 20C provide the data collection/ingestion, processing, and product generation capabilities for space, terrestrial, and oceanographic weather support to the DoD and other world-wide customers.  Several new weather support capabilities have been developed but have not been evaluated for functionality nor accuracy; therefore, cannot be deployed to the warfighter.  This is due to previous test events being negatively impacted by the COVID-19.  This significantly increases the urgency to complete the WDA4D Release 20 GDT&E.
",1,46 TS,7/11/2020,7/26/2020,41.1184,-95.913,Approved,Item,teams/ExecutiveOfficer/Lists/ETP Tracker
LAK,"Ankorage, AK",,,"Modernization and Cyber security.  The LAK program modernize the Command and Control (C2) communications system for operational and tactical level C2 agencies for Combined Air Operations Center-Alaska, the Alaskan Air Defense Sector, and Alaska training ranges.  LAK v4.1 will provide the much anticipated Windows-10 cyber security updates while SPIDR 2.0 will address software deficiencies. 
",7,46 TS,7/12/2020,8/1/2020,61.2175,-149.8582,Cancelled,Item,teams/ExecutiveOfficer/Lists/ETP Tracker
WEBS (Cardinal),Offut AFB,Nebraska,Sarpy,"""Combined Contractor/Government Development Test & Evaluation
""
",1,46 TS,7/12/2020,7/25/2020,41.1184,-95.913,Approved,Item,teams/ExecutiveOfficer/Lists/ETP Tracker
B-1B,Tinker AFB,Oklahoma,Oklahoma,"The 45TS requests travel to Tinker AFB, OK for government acceptance (Formal Qualification Testing) of the latest classified, B-1B mission planning software. The Tinker AFB on-site B-1B Systems Integration Laboratory (simulator) will also be used as a proxy to verify transfer of mission planning data to the aircraft’s Operational Flight Program (OFP). Due to the workload, 5 test machines and SIL load test, requesting travel for 2x TEs.
",2,45 TS,7/12/2020,7/24/2020,35.4147,-97.3866,Approved,Item,teams/ExecutiveOfficer/Lists/ETP Tracker
SAP,"King of Prussia, PA",,,"""Due to classification levels, an in-person visit to this program’s contractor facility in King of Prussia, Pennsylvania is required. The purpose of the TDY is to lay the groundwork for remote/virtual test execution in Aug and to craft the DevSecOps test methodology, develop procedures for remote test access, and to establish participation in a continuous testing environment for a classified program.  This effort will directly support the program and its aim to implement an integrated, contractor, government, and AFOTEC T&E strategy.  
""
",3,45 TS,7/13/2020,7/17/2020,40.0883,-75.3821,Cancelled,Item,teams/ExecutiveOfficer/Lists/ETP Tracker
SDBII,NAS Patuxent River,Maryland,St. Mary's,"To conduct F/A-18 SDB II Electromagnetic Environment Effects (E3) and operational test events at Naval Air Station Patuxent River (NAS Pax River).  The 46 TS Datalinks Test Flight (DTF) is providing specialized equipment and expertise for UHF test capabilites that the system integration lab (SIL) at PAX River does not have.  This test CANNOT be completed without the equipment provided by the DTF.   This testing is on the critical path to accomplishing. the first operational release of SDB II from an F/A-18 and IOC, both are  scheduled for September of this year.  This is currently the only scheduled event at PAX to accomplish this E3 testing, with support from over 7+ organizations already coordinated to accomplish the E3 testing and combined DT/OT events.
",6,46 TS,7/14/2020,7/31/2020,38.2861,-76.411,Approved,Item,teams/ExecutiveOfficer/Lists/ETP Tracker
INBOUND: Tactical Gateway,"Crane, IN",,,"The contractor will conduct real time fixes of the Interim Tactical Gateway (ITG), if required, prior to the configuration being frozen for formal testing.  ",1,46 TS,7/14/2020,7/16/2020,38.8946,-86.9012,Approved,Item,teams/ExecutiveOfficer/Lists/ETP Tracker
PCS: Honabarger,,,,,,46 TS,7/15/2020,,,,Approved,Item,teams/ExecutiveOfficer/Lists/ETP Tracker
INBOUND: F-15 Dev Eval,"St Louis, MO",Missouri,St Louis,"Request inbound TDY approval for a three software developers from St
Louis, MO from 15-24 July for a scheduled F-15 v6.1 mission planning system software
Developer Evaluation. Event participants: three software developers (Tapestry); F-15E
aircrew; SEIC IVV&E; and 45/TS TGAC. Classified material will be under test, therefore, there
is no remote option for test. Software v6.1 will support the next F-15 Operational Flight
Program (OFP) release. The members will require access to Eglin AFB, building 350 and the
Richter Laboratory.",3,45 TS,7/15/2020,7/24/2020,38.6277,-90.1995,Approved,Item,teams/ExecutiveOfficer/Lists/ETP Tracker
JATM,"Orlando, FL",Florida,Orange,"The primary purpose is to support the System Security Engineering (SSE) Government review of the current progress of the SSE Hardware in the Loop (HWIL) and Cybersecurity Engineering Assessment Lab facilities to also include an SSE Technical Interchange Meeting. The overall objective is to conduct a design review of the CyberSEAL lab to facilitate Developmental Test and Evaluation (DT&E) and Operational Test (OT&E) cybersecurity test efforts.
",5,47 CTS/OL-A,7/17/2020,7/31/2020,28.5382,-81.3774,Approved,Item,teams/ExecutiveOfficer/Lists/ETP Tracker
JSTARS,Robins AFB,Georgia,Houston,"Perform testing on the new JSTARS Central Computers Replacement/IR50.11 program and associated hardware, during Ground Test #3. Testing is mission essential to the combat wing at Robins. See memo from WG/CC.
",3,46 TS/OL-A,7/17/2020,7/22/2020,32.6387,-83.591,Approved,Item,teams/ExecutiveOfficer/Lists/ETP Tracker
KC-135,,,,"Support KC-135 system checkout activities which is a critical activity to help mitigate cyber risks to the program and prioritize cyber test activities, ultimately minimizing and focusing Developmental Test and Evaluation (DT&E) and Operational Test (OT&E) efforts.
",,47 CTS,7/19/2020,7/25/2020,,,Cancelled,Item,teams/ExecutiveOfficer/Lists/ETP Tracker
IBS (Meade),"Fort Meade, MD",Maryland,Anne Arundel,"""IBS-NS V2.13.1 DT&E is a critical event to help mitigate risks for the IBS-NS threat warning dissemination software, validate Deficiency Report (DR) fixes, and ensure the warfighter can implement two new priority features in the field. Due to classification levels and access permissions, an in-person test is required at the IBS-NS sites in Fort Meade, MD, and Reston, VA. This effort will directly support implementation of IBS-NS V2.13.1 software fixes and delivery to the warfighter. 
""
",1,45 TS,7/19/2020,7/24/2020,39.0995,-76.7486,Approved,Item,teams/ExecutiveOfficer/Lists/ETP Tracker
IBS (Reston),"Reston, VA",Virginia,Fairfax,"""IBS-NS V2.13.1 DT&E is a critical event to help mitigate risks for the IBS-NS threat warning dissemination software, validate Deficiency Report (DR) fixes, and ensure the warfighter can implement two new priority features in the field. Due to classification levels and access permissions, an in-person test is required at the IBS-NS sites in Fort Meade, MD, and Reston, VA. This effort will directly support implementation of IBS-NS V2.13.1 software fixes and delivery to the warfighter. 
""
",1,45 TS,7/19/2020,7/24/2020,38.9601,-77.3545,Approved,Item,teams/ExecutiveOfficer/Lists/ETP Tracker
Wicked Series,Idaho National Labs - ,Idaho,Bonneville,,2,47 CTS,7/19/2020,7/25/2020,43.5333,-112.9447,Cancelled,Item,teams/ExecutiveOfficer/Lists/ETP Tracker
FAB-T,"Largo, FL",Florida,Pinellas,"FAB-T is an ACAT I Nuclear Command, Control and Communications  (NC3).  DCMA requires government witness and signoff of contractor testing. Raytheon is ready to proceed with CT of the FAB-T Ground Transportable Antenna (GTA) and Airborne Antenna (ABA). CT is a prerequisite to continuing government developmental testing (DT) and will inform near-term fielding decisions.  Additionally, other classified national-level strategic initiatives are hinging their DT schedules and fielding decisions on the progress of the FAB-T program (including introducing these two antennas).  The FAB-T terminal is currently in OT, with a production decision for the GTA and ABA in the August timeframe, to support initial fielding by the end of the year.",2,46 TS,7/19/2020,7/26/2020,27.916,-82.7908,Approved,Item,teams/ExecutiveOfficer/Lists/ETP Tracker
"PNVC (Bedford, MA)",Bedford,Massachusetts,Middlesex,"To conduct developmental test #1 at operational sites for PNVC.  Testing of this system has been designated as mission essential by both J3 of STRATCOM and USSF with a classified memorandum provided under separate correspondence.  The participating locations have been installed with the PNVC system which the 46TS has been designated the ETO.  The PNVC system is a voice conferencing capability used by the President of the United States, US Combatant Commanders, and Department of Defense designated participants.  The system is replacing the currently fielded MILSTAR LDR-only system and offers advanced capabilities and enables operation over the Advanced Extremely High Frequency (AEHF) satellite communication system.  Completing developmental testing is critical to ensure system performance prior to fielding the system at additional operational locations.
",1,46 TS,7/19/2020,8/13/2020,42.4922,-71.2799,Approved,Item,teams/ExecutiveOfficer/Lists/ETP Tracker
WAS,"Bowie, MD",Maryland,Prince George's,"""
The purpose of the TDY is to conduct flight test with the 586 FLTS of software updates  in the NCR and perform test data analysis.  Previous DT&E found dropped tracks in turns/ascents/descents.  The WAS software has been updated to address the issues and needs to be assessed for potential operational impacts and compliance to the SRD. The TDY was postponed due to maintenance delays impacting target aircraft availability.""
",2,46 TS,7/20/2020,7/24/2020,38.9435,-76.7302,Approved,Item,teams/ExecutiveOfficer/Lists/ETP Tracker
INBOUND: P8 AAS,"Dallas, TX",,,"The Navy has requested maritime targets for evaluating new datalink messaging capabilities
that are detected using the AAS. A datalink ground station will be located on SRI. The aircraft will fly partial
orbits between 21-27K ft MSL, in W151 and W155. They are coming from off station.",2,46 TS,7/20/2020,7/24/2020,32.7781,-96.7952,Approved,Item,teams/ExecutiveOfficer/Lists/ETP Tracker
Combat ID Week,"Mercury, NV",Nevada,Nye,"""Site Visit for potential execution location Feb 2021. Large AFRL sensor data collection event is being planned. Member provides subject matter expertise on sensor collection background and targets for operational evaluation of experimental sensors. Event results in $20-50 million cost savings and cuts 6 mos - 1yr off 5+ developmental sensor program timelines. 

Member is premier seeker/sensor test execution expert in AFTC and needs to be on site to perform site visit.""
",1,46 TS,7/20/2020,7/22/2020,36.6607,-115.9945,Approved,Item,teams/ExecutiveOfficer/Lists/ETP Tracker
PCS: Fetzner,Forte Meade,Maryland,Anne Arundel,"Attendance to the NSA's highly competitive 3-year Computer Network Operations Development Program (CNODP) class of 2023
",1,47 CTS,7/21/2020,,,,Approved,Item,teams/ExecutiveOfficer/Lists/ETP Tracker
INBOUND: ALE (Hunstville),"Huntsville, AL",Alabama,Madison,"ALE is a Hi-Vis U.S. Army program developed for Strategic Capabilities Office (SCO). ALE operates as a forward reconnaissance SAR capability extending standoff and the delivery of effects to penetrate and target integrated air defense systems (IADS). The test will take place 27 Jul – 7 Aug.  4 Vendors have been selected and each will use small aircraft to allow radar data collection on multiple static ground threat vehicle targets and corner reflectors on TA C-72.   The data collection will occur at low SAR grazing angles below 5 degrees. At this angle, there needs to be an assessment by different radar SMEs of the targets and effects caused by the surrounding environment and accounted for in their test equipment well-prior to execution. Each vendor is bringing their own operators and SME’s.  ",2,46 TS,7/23/2020,8/9/2020,34.7295,-86.5853,Approved,Item,teams/ExecutiveOfficer/Lists/ETP Tracker
INBOUND: ARTS (Charlottesville),"Charlottesville, VA",Virginia,Albemarle,"ARTS-V2 provides modern threat signatures for testing and training fifth-gen aircraft and is undergoing
evaluations prior to certification and implementation into the Eglin Test and Training Range family of threat systems. It is
planned for future fielding at Eglin in the near future with test decision milestones following this effort.",1,46 TS,7/24/2020,7/26/2020,38.0321,-78.4775,Approved,Item,teams/ExecutiveOfficer/Lists/ETP Tracker
INBOUND: ARTS (Arlington),"Arlington, TX",Texas,Tarrant,"ARTS-V2 provides modern threat signatures for testing and training fifth-gen aircraft and is undergoing
evaluations prior to certification and implementation into the Eglin Test and Training Range family of threat systems. It is
planned for future fielding at Eglin in the near future with test decision milestones following this effort.",2,46 TS,7/24/2020,7/26/2020,32.7355,-97.1071,Approved,Item,teams/ExecutiveOfficer/Lists/ETP Tracker
INBOUND: ARTS (Grand Prairie),"Grand Prairie, TX",Texas,Dallas,"ARTS-V2 provides modern threat signatures for testing and training fifth-gen aircraft and is undergoing
evaluations prior to certification and implementation into the Eglin Test and Training Range family of threat systems. It is
planned for future fielding at Eglin in the near future with test decision milestones following this effort.",2,46 TS,7/24/2020,7/26/2020,32.7454,-97.0035,Approved,Item,teams/ExecutiveOfficer/Lists/ETP Tracker
INBOUND: ARTS (Hunstville),"Hunstville, AL",Alabama,Madison,"ARTS-V2 provides modern threat signatures for testing and training fifth-gen aircraft and is undergoing
evaluations prior to certification and implementation into the Eglin Test and Training Range family of threat systems. It is
planned for future fielding at Eglin in the near future with test decision milestones following this effort.",1,46 TS,7/24/2020,7/26/2020,34.7295,-86.5853,Approved,Item,teams/ExecutiveOfficer/Lists/ETP Tracker
INBOUND: ALE (APG),"Aberdeen Proving Grounds, MD",Maryland,Harford,"ALE is a Hi-Vis U.S. Army program developed for Strategic Capabilities Office (SCO). ALE operates as a forward reconnaissance SAR capability extending standoff and the delivery of effects to penetrate and target integrated air defense systems (IADS). The test will take place 27 Jul – 7 Aug.  4 Vendors have been selected and each will use small aircraft to allow radar data collection on multiple static ground threat vehicle targets and corner reflectors on TA C-72.   The data collection will occur at low SAR grazing angles below 5 degrees. At this angle, there needs to be an assessment by different radar SMEs of the targets and effects caused by the surrounding environment and accounted for in their test equipment well-prior to execution. Each vendor is bringing their own operators and SME’s.  ",3,46 TS,7/24/2020,8/8/2020,39.4734,-76.1408,Approved,Item,teams/ExecutiveOfficer/Lists/ETP Tracker
PCS: Stephens,Whiteman AFB,Missouri,Knob Knoster,PCS to Eglin,4,45 TS,7/24/2020,7/27/2020,,,CTG Review,Item,teams/ExecutiveOfficer/Lists/ETP Tracker
INBOUND: ALE (North Kingstown),"North Kingstown, RI",Rhode Island,Washington,"ALE is a Hi-Vis U.S. Army program developed for Strategic Capabilities Office (SCO). ALE operates as a forward reconnaissance SAR capability extending standoff and the delivery of effects to penetrate and target integrated air defense systems (IADS). The test will take place 27 Jul – 7 Aug.  4 Vendors have been selected and each will use small aircraft to allow radar data collection on multiple static ground threat vehicle targets and corner reflectors on TA C-72.   The data collection will occur at low SAR grazing angles below 5 degrees. At this angle, there needs to be an assessment by different radar SMEs of the targets and effects caused by the surrounding environment and accounted for in their test equipment well-prior to execution. Each vendor is bringing their own operators and SME’s.  ",2,46 TS,7/25/2020,8/7/2020,41.5604,-71.445,Approved,Item,teams/ExecutiveOfficer/Lists/ETP Tracker
PNVC (Taylor),Offut AFB,Nebraska,Sarpy,"To conduct E-4B Advance Extremely High Frequency (AEHF) Presidential and National Voice Conferencing (PNVC) Integration Program (APIP) testing.  The 46 Test team will travel to Offutt AFB, NE to support approximately two weeks of aircraft integration ground testing preparing systems on board the aircraft for interoperability and flight testing.
",2,46 TS,7/26/2020,8/1/2020,41.1183,-95.913,Cancelled,Item,teams/ExecutiveOfficer/Lists/ETP Tracker
DCGS,Robins AFB,Georgia,Houston,"Formal DT&E for both OA/HA and RTA.
",2,45 TS,7/26/2020,8/9/2020,32.6387,-83.591,Cancelled,Item,teams/ExecutiveOfficer/Lists/ETP Tracker
DCGS (Howard),Robins AFB,Georgia,Houston,"Formal DT&E for both OA/HA and RTA.
",1,45 TS,7/26/2020,8/1/2020,32.6387,-83.591,Cancelled,Item,teams/ExecutiveOfficer/Lists/ETP Tracker
FAB-T (Flores),"Largo, FL",Florida,Pinellas,"""FAB-T is an ACAT I Nuclear Command, Control and Communications  (NC3).  DCMA requires government witness and signoff of contractor testing. Raytheon is ready to proceed with CT of the FAB-T Ground Transportable Antenna (GTA) and Airborne Antenna (ABA). CT is a prerequisite to continuing government developmental testing (DT) and will inform near-term fielding decisions.  Additionally, other classified national-level strategic initiatives are hinging their DT schedules and fielding decisions on the progress of the FAB-T program (including introducing these two antennas).  The FAB-T terminal is currently in OT, with a production decision for the GTA and ABA in the August timeframe, to support initial fielding by the end of the year. The AFNWC/NCS Program Office seeks to leverage the intrastate relationship shared by the 46 TS and Raytheon to accomplish this task. The 46 TS has served as government witness for numerous other CT events. 46 TS involvement with this CT allows the Program Office to proceed with this vital test requirement without adding significant delays to the schedule brought on by interstate travel into and out of the state of FL.  If 46 TS cannot support CT as a government observer, the testing cannot commence which will delay DT and subsequent fielding.  
""
",1,46 TS,7/26/2020,8/6/2020,27.916,-82.7908,Approved,Item,teams/ExecutiveOfficer/Lists/ETP Tracker
Snyder Currency Flight,Robins AFB,Georgia,Houston,"Regain E-8C JSTARS flight currency in order to support 11 Aug JSTARS DT flight mission evaluating major aircraft hardware and software upgrades (Block 50). The 46 TS/OL A is the responsible test organization; the OL A Director of Operations requests Capt Snyder’s participation as primary Navigator. The test flight was previously scheduled in Sep but was moved up to 11 Aug. Due to this date change, Capt Snyder is able to support given his 8 Sep terminal leave date. Capt Snyder has pre-coordinated this currency flight with his attached squadron (330th Combat Training Squadron) and is on the flying schedule for 27, 28, and 30 Jul. The latter two dates are backup sorties.
",1,45 TS,7/26/2020,7/31/2020,32.6387,-83.591,Cancelled,Item,teams/ExecutiveOfficer/Lists/ETP Tracker
PNVC (Camp Smith),"Camp Smith, HI",Hawaii,Honolulu,"To conduct developmental test #1 at operational sites for PNVC.  Testing of this system has been designated as mission essential by both J3 of STRATCOM and USSF with a classified memorandum provided under separate correspondence.  The participating locations have been installed with the PNVC system which the 46TS has been designated the ETO.  The PNVC system is a voice conferencing capability used by the President of the United States, US Combatant Commanders, and Department of Defense designated participants.  The system is replacing the currently fielded MILSTAR LDR-only system and offers advanced capabilities and enables operation over the Advanced Extremely High Frequency (AEHF) satellite communication system.  Completing developmental testing is critical to ensure system performance prior to fielding the system at additional operational locations.
",1,46 TS,7/26/2020,8/22/2020,21.379,-157.9309,Cancelled,Item,teams/ExecutiveOfficer/Lists/ETP Tracker
INBOUND: ALE (Herndon),"Herndon, VA",Virginia,Fairfax,"ALE is a Hi-Vis U.S. Army program developed for Strategic Capabilities Office (SCO). ALE operates as a forward reconnaissance SAR capability extending standoff and the delivery of effects to penetrate and target integrated air defense systems (IADS). The test will take place 27 Jul – 7 Aug.  4 Vendors have been selected and each will use small aircraft to allow radar data collection on multiple static ground threat vehicle targets and corner reflectors on TA C-72.   The data collection will occur at low SAR grazing angles below 5 degrees. At this angle, there needs to be an assessment by different radar SMEs of the targets and effects caused by the surrounding environment and accounted for in their test equipment well-prior to execution. Each vendor is bringing their own operators and SME’s.  ",1,46 TS,7/26/2020,8/1/2020,38.9697,-77.3838,Approved,Item,teams/ExecutiveOfficer/Lists/ETP Tracker
BACN,"San Diego, CA",California,San Diego,"Failure to complete BACN SW build testing will result in massive delays in fielding the updated capabilities of the system to the warfighter. Additionally, the contractor will seek full payment for products the Government was unable to inspect, test or verify due to the Government being unable participate and witness Contractor hosted test events. 
",1,Det 1,7/27/2020,8/6/2020,32.715,-117.1625,Cancelled,Item,teams/ExecutiveOfficer/Lists/ETP Tracker
TACP-M AMPV,"Crane, IN",Indiana,Martin,"The primary purpose is to conduct a security assessment of the TACP-M AMPV.  The Army Multipurpose Vehicle (AMPV) is an Army owned vehicle that requires to be equipped with voice video and data communications capabilities to enable close air support (CAS) to Army ground maneuver units during combat operations. 
",2,47 CTS/OL-A,7/27/2020,7/31/2020,38.8946,-86.9012,Cancelled,Item,teams/ExecutiveOfficer/Lists/ETP Tracker
INBOUND: Touchdown,DC,Washington DC,Washington,"The Touchdown hardware in the loop test from 27 Jul- 7 Aug will entail performing systems
calibration to characterize SPQ-9B (Navy fire control radar) and jammer waveforms. The system represents a
great improvement over the current radar utilizing classified EW capabilities. The 96 CTG has SMEs who have
aided in development of the system being built at the Richter Lab.",2,46 TS,7/27/2020,8/7/2020,38.8903,-77.0319,Cancelled,Item,teams/ExecutiveOfficer/Lists/ETP Tracker
"INBOUND: Peregrine (Albuquerque, NM)","Albuquerque, NM",New Mexico,Bernalillo,"The Peregrine program is an AFRL effort in coordination with Maxar Technologies and Sandia National Labs to further develop an in-house, high performance, multi-mode, airborne SAR. The system under test is installed on a Twin Otter and will collect high resolution SAR imagery at multiple aspect and grazing angles on various static and moving, land and water targets as well as personnel movements on the Eglin range. There will be several reflectors and passive sensor instrumentation for system evaluation. The aircraft and aircrew will station out of Destin Airfield.",9,46 TS,7/27/2020,8/7/2020,35.0842,-106.649,Approved,Item,teams/ExecutiveOfficer/Lists/ETP Tracker
INBOUND: Peregrine (Ypsilanti),"Ypsilanti, MI",Michigan,Washtenaw,"The Peregrine program is an AFRL effort in coordination with Maxar Technologies and Sandia National Labs to further develop an in-house, high performance, multi-mode, airborne SAR. The system under test is installed on a Twin Otter and will collect high resolution SAR imagery at multiple aspect and grazing angles on various static and moving, land and water targets as well as personnel movements on the Eglin range. There will be several reflectors and passive sensor instrumentation for system evaluation. The aircraft and aircrew will station out of Destin Airfield.",6,46 TS,7/27/2020,8/7/2020,42.2398,-83.6145,Approved,Item,teams/ExecutiveOfficer/Lists/ETP Tracker
"INBOUND: Peregrine (Herndon, VA)","Herdon, VA",Virginia,Fairfax,"The Peregrine program is an AFRL effort in coordination with Maxar Technologies and Sandia National Labs to further develop an in-house, high performance, multi-mode, airborne SAR. The system under test is installed on a Twin Otter and will collect high resolution SAR imagery at multiple aspect and grazing angles on various static and moving, land and water targets as well as personnel movements on the Eglin range. There will be several reflectors and passive sensor instrumentation for system evaluation. The aircraft and aircrew will station out of Destin Airfield.",2,46 TS,7/27/2020,8/7/2020,38.9697,-77.3838,Approved,Item,teams/ExecutiveOfficer/Lists/ETP Tracker
INBOUND: DCAPES (Pentagon),Pentagon,Virginia,Alrington,"Request inbound TDY approval for 10 personnel to conduct the Deliberate and Crisis Action Planning and Execution Segments (DCAPES) version 6.2.0.0 and 6.2.1.0 DT&E and OT scheduled from 27 July – 21 Aug 2020 at the JADC2 Test Laboratory, Eglin AFB. The 10 personnel include 6 operators and 4 S/W developers from the Pentagon, Langley, AFB, Randolph AFB, TX, and Gunter/Montgomery AL.  Only two developers are scheduled to be at Eglin at any time, exact schedule is TBD.  Classified material will be under test, therefore, there is no remote option for test. ",1,45 TS,7/27/2020,8/21/2020,38.8785,-77.1009,Cancelled,Item,teams/ExecutiveOfficer/Lists/ETP Tracker
INBOUND: DCAPES (Randolph),Randolph AFB,Texas,Bexar,"Request inbound TDY approval for 10 personnel to conduct the Deliberate and Crisis Action Planning and Execution Segments (DCAPES) version 6.2.0.0 and 6.2.1.0 DT&E and OT scheduled from 27 July – 21 Aug 2020 at the JADC2 Test Laboratory, Eglin AFB. The 10 personnel include 6 operators and 4 S/W developers from the Pentagon, Langley, AFB, Randolph AFB, TX, and Gunter/Montgomery AL.  Only two developers are scheduled to be at Eglin at any time, exact schedule is TBD.  Classified material will be under test, therefore, there is no remote option for test. ",3,45 TS,7/27/2020,8/21/2020,29.1142,-98.8064,Rejected,Item,teams/ExecutiveOfficer/Lists/ETP Tracker
INBOUND: DCAPES (Langley),Langley AFB,Virginia,York,"Request inbound TDY approval for 10 personnel to conduct the Deliberate and Crisis Action Planning and Execution Segments (DCAPES) version 6.2.0.0 and 6.2.1.0 DT&E and OT scheduled from 27 July – 21 Aug 2020 at the JADC2 Test Laboratory, Eglin AFB. The 10 personnel include 6 operators and 4 S/W developers from the Pentagon, Langley, AFB, Randolph AFB, TX, and Gunter/Montgomery AL.  Only two developers are scheduled to be at Eglin at any time, exact schedule is TBD.  Classified material will be under test, therefore, there is no remote option for test. ",1,45 TS,7/27/2020,8/21/2020,37.2374,-76.5115,Rejected,Item,teams/ExecutiveOfficer/Lists/ETP Tracker
INBOUND: DCAPES (Gunter),Gunter Annex,Alabama,Montgomery,"Request inbound TDY approval for 10 personnel to conduct the Deliberate and Crisis Action Planning and Execution Segments (DCAPES) version 6.2.0.0 and 6.2.1.0 DT&E and OT scheduled from 27 July – 21 Aug 2020 at the JADC2 Test Laboratory, Eglin AFB. The 10 personnel include 6 operators and 4 S/W developers from the Pentagon, Langley, AFB, Randolph AFB, TX, and Gunter/Montgomery AL.  Only two developers are scheduled to be at Eglin at any time, exact schedule is TBD.  Classified material will be under test, therefore, there is no remote option for test. ",3,45 TS,7/27/2020,8/21/2020,32.3829,-86.3657,Rejected,Item,teams/ExecutiveOfficer/Lists/ETP Tracker
INBOUND: ALE (Spanish Fork),"Spanish Fork, UT",Utah,utah,"ALE is a Hi-Vis U.S. Army program developed for Strategic Capabilities Office (SCO). ALE operates as a forward reconnaissance SAR capability extending standoff and the delivery of effects to penetrate and target integrated air defense systems (IADS). The test will take place 27 Jul – 7 Aug.  4 Vendors have been selected and each will use small aircraft to allow radar data collection on multiple static ground threat vehicle targets and corner reflectors on TA C-72.   The data collection will occur at low SAR grazing angles below 5 degrees. At this angle, there needs to be an assessment by different radar SMEs of the targets and effects caused by the surrounding environment and accounted for in their test equipment well-prior to execution. Each vendor is bringing their own operators and SME’s.  ",4,46 TS,7/27/2020,8/7/2020,40.115,-111.6547,Approved,Item,teams/ExecutiveOfficer/Lists/ETP Tracker
INBOUND: ALE (Torrance),"Torrance, CA",California,Los Angeles," ALE is a Hi-Vis U.S. Army program developed for Strategic Capabilities Office (SCO). ALE operates as a forward reconnaissance SAR capability extending standoff and the delivery of effects to penetrate and target integrated air defense systems (IADS). The test will take place 27 Jul – 7 Aug.  4 Vendors have been selected and each will use small aircraft to allow radar data collection on multiple static ground threat vehicle targets and corner reflectors on TA C-72.   The data collection will occur at low SAR grazing angles below 5 degrees. At this angle, there needs to be an assessment by different radar SMEs of the targets and effects caused by the surrounding environment and accounted for in their test equipment well-prior to execution. Each vendor is bringing their own operators and SME’s.  ",4,46 TS,7/27/2020,7/30/2020,33.8363,-118.34,Approved,Item,teams/ExecutiveOfficer/Lists/ETP Tracker
WAS (Data Analysis),Eglin AFB,Florida,Okaloosa,"""
This Wide Area Surveillance effort is a follow to the TDY to conduct flight testing in the National Capital Region.  That effort supports collecting data in support of an October IOT&E campaign.  This Wide Area Surveillance TDY is perform a data review and to prepare for Operational Test and Evaluation in support of a critical Full Rate Production decision in first quarter FY21. Integrated DT/OT flight test planning needs to be conducted in program spaces at Det 2 AFOTEC and cannot be accomplished using VTC. The SAP space at Patrick AFB (46TS/OL-A is not yet operational.  The flight testing has been deemed mission essential by the Program Executive Officer.   ""
",4,46 TS/OL-A,7/27/2020,7/30/2020,30.4894,-86.5422,Approved,Item,teams/ExecutiveOfficer/Lists/ETP Tracker
INBOUND: DIEE (MacDill),MacDill AFB,Florida,Hillsborough,"Naval Air Warfare Center Weapons Division (NAWCWD) has requested inbound TDY approval for three personnel to conduct the DIEE (Digital Imagery Exploitation Engine) version 2.3.x Risk Reduction and DT&E/OT objectives scheduled from 27 July – 7 Aug 2020 at the JADC2 Test Laboratory, Eglin AFB.  Chris Maxie (MacDill) will be on site for both weeks.  Jon Wilson (home near Whiteman AFB, MO) will be on-site 27-31 July, and Leonard Wilson (Dahlgren, VA) on-site 3-7 August.  Classified material will be under test, therefore, there is no remote option for test. ",1,45 TS,7/27/2020,8/7/2020,26.2578,-80.0805,Approved,Item,teams/ExecutiveOfficer/Lists/ETP Tracker
INBOUND: DIEE (Whiteman),Whiteman AFB,Missouri,Johnson,"Naval Air Warfare Center Weapons Division (NAWCWD) has requested inbound TDY approval for three personnel to conduct the DIEE (Digital Imagery Exploitation Engine) version 2.3.x Risk Reduction and DT&E/OT objectives scheduled from 27 July – 7 Aug 2020 at the JADC2 Test Laboratory, Eglin AFB.  Chris Maxie (MacDill) will be on site for both weeks.  Jon Wilson (home near Whiteman AFB, MO) will be on-site 27-31 July, and Leonard Wilson (Dahlgren, VA) on-site 3-7 August.  Classified material will be under test, therefore, there is no remote option for test. ",1,45 TS,7/27/2020,8/7/2020,38.765,-93.5565,Approved,Item,teams/ExecutiveOfficer/Lists/ETP Tracker
B-2 FQT,Tinker AFB,Oklahoma,Osage,"Due to the complexity of the B-2 JMPS test event, two 45TS Test Engineers are required to support B-2 v6.2.1 mission planning environment (MPE) software Formal Qualification Testing (FQT). Classified data and information will be under test; therefore, no remote testing/verification option exists.
",2,45 TS,7/27/2020,7/31/2020,35.4147,-97.3866,Approved,Item,teams/ExecutiveOfficer/Lists/ETP Tracker
L16 NOLA,ANGB New Orleans,Louisiana,Orleans,"""The New Orleans, Louisiana (NOLA) Air National Guard Base (ANGB) will serve as the location to modify the F-15C fleet with Suite 9, ADCP II and MIDS-JTRS. The F-15Cs of the 159th FW/122nd FS at New Orleans will also transition there aircraft through these modifications.

There are several critical lead-time action items, as well as technical instruction specific to operating and employing Link 16 with MIDS-JTRS terminals, for both operations and maintenance personnel that are required for a successful transition. The Link 16 fielding team will advise and prepare them for a successful, timely transition. It will present subject matter expert instructional, detailed presentations in order to properly prepare them to meet the requirements for initializing the use and employment of the MIDS-JTRS system.""
",5,46 TS,7/28/2020,7/31/2020,29.9517,-90.0746,Approved,Item,teams/ExecutiveOfficer/Lists/ETP Tracker
B-1B (Robins),Robins AFB,Georgia,Houston,"We are performing a Cooperative Vulnerability Identification assessment on the B-1B Defensive Avionics System. Part of our process is having an in-depth Technical Interchange Meeting at the classified level. To complete this meeting, we need to be able to observe the software development environment for the system in-person and alongside the contractors who develop the code. This meeting is a critical part of our CVI assessment, and the group at Robins who develops the code has a very busy schedule. The week of 27 July is the only opportunity we have to visit, otherwise we will have to push until September.
",5,47 CTS/Det 1,7/28/2020,7/30/2020,32.6387,-83.591,Cancelled,Item,teams/ExecutiveOfficer/Lists/ETP Tracker
INBOUND: F-15 Fit Check (NH),New Hampshire,,,"The 46 TS has been asked by the Heimdall Program Office, AFLCMC/HNAG, to support conduct of the final fit check of the Heimdall system on the F-15 tail # 025 in preparation for flight testing scheduled at the end of January 2021.  The Heimdall project is a demonstration program to develop an advanced signal processing capability for Link 16 which has the potential to be operationally employed in the future.  This fit check has been endorsed in an email by Colonel Shane Louis from AFLCMC/HNA as mission essential.",1,46 TS,7/28/2020,7/30/2020,43.6102,-71.583,Approved,Item,teams/ExecutiveOfficer/Lists/ETP Tracker
INBOUND: F-15 Check (OH),Ohio,,,"The 46 TS has been asked by the Heimdall Program Office, AFLCMC/HNAG, to support conduct of the final fit check of the Heimdall system on the F-15 tail # 025 in preparation for flight testing scheduled at the end of January 2021.  The Heimdall project is a demonstration program to develop an advanced signal processing capability for Link 16 which has the potential to be operationally employed in the future.  This fit check has been endorsed in an email by Colonel Shane Louis from AFLCMC/HNA as mission essential.",3,46 TS,7/28/2020,7/30/2020,40.413,-82.7112,Approved,Item,teams/ExecutiveOfficer/Lists/ETP Tracker
BMEWS,Beale AFB,California,Yuba,"""DT&E for Sustainment Hardware Deployment of RBF-OM
""
",1,45 TS,7/28/2020,8/2/2020,39.0964,-121.3368,Approved,Item,teams/ExecutiveOfficer/Lists/ETP Tracker
L16 Fielding,NWSC Crane,Indiana,Martin,"NSWC Crane is the original OEM for the AFLCMC/HNAG Terminal Hardware Systems used to support integration and network monitoring support for MIDS LVT integration onto USAF platforms.  These systems have to be upgraded to interface with and operate the new MIDS JTRS LINK 16 terminal.  NSWC Crane cannot proceed with the final design until we are able to ensure they understand the new MIDS JTRS requirements, which AFLCMC/HNAG will provide. It is critical that the NSWC Cranes understands the design requirements of the HNAG fielding team, which is why this meeting must be conducted on site at NSWC Crane Indiana in order to finalize and review specific requirements.  VTC and telecons are not condusive to the technical discussions required, and the system demonstrations cannot be held remotely.
",2,46 TS,7/28/2020,7/30/2020,38.8909,-86.903,Approved,Item,teams/ExecutiveOfficer/Lists/ETP Tracker
INBOUND: ALE (Springsville),"Springscille, UT",Utah,Utah,"ALE is a Hi-Vis U.S. Army program developed for Strategic Capabilities Office (SCO). ALE operates as a forward reconnaissance SAR capability extending standoff and the delivery of effects to penetrate and target integrated air defense systems (IADS). The test will take place 27 Jul – 7 Aug.  4 Vendors have been selected and each will use small aircraft to allow radar data collection on multiple static ground threat vehicle targets and corner reflectors on TA C-72.   The data collection will occur at low SAR grazing angles below 5 degrees. At this angle, there needs to be an assessment by different radar SMEs of the targets and effects caused by the surrounding environment and accounted for in their test equipment well-prior to execution. Each vendor is bringing their own operators and SME’s.  ",5,46 TS,7/30/2020,8/10/2020,40.1652,-111.6106,Approved,Item,teams/ExecutiveOfficer/Lists/ETP Tracker
PNVC (Brown),Offut AFB,Nebraska,Sarpy,"To conduct E-4B Advance Extremely High Frequency (AEHF) Presidential and National Voice Conferencing (PNVC) Integration Program (APIP) testing.  The 46 Test team will travel to Offutt AFB, NE to support approximately two weeks of aircraft integration ground testing preparing systems on board the aircraft for interoperability and flight testing.
",2,46 TS,8/1/2020,8/7/2020,41.1183,-95.913,Approved,Item,teams/ExecutiveOfficer/Lists/ETP Tracker
PNVC (Offut),Offut AFB,Nebraska,Sarpy,"To conduct developmental test #1 at operational sites for PNVC.  Testing of this system has been designated as mission essential by both J3 of STRATCOM and USSF with a classified memorandum provided under separate correspondence.  The participating locations have been installed with the PNVC system which the 46TS has been designated the ETO.  The PNVC system is a voice conferencing capability used by the President of the United States, US Combatant Commanders, and Department of Defense designated participants.  The system is replacing the currently fielded MILSTAR LDR-only system and offers advanced capabilities and enables operation over the Advanced Extremely High Frequency (AEHF) satellite communication system.  Completing developmental testing is critical to ensure system performance prior to fielding the system at additional operational locations.
",2,46 TS,8/1/2020,8/22/2020,41.1183,-95.913,Approved,Item,teams/ExecutiveOfficer/Lists/ETP Tracker
CDL (2),"Fairfax County, VA",Virginia,Fairfax,"Failure to complete BE CDL testing will result in massive delays to CDL terminals seeking CDL certifications. Additionally, the contractor will seek full payment for products the Government was unable to inspect, test or verify due to the Government being unable participate and witness Contractor hosted test events. 
",1,Det 1,8/2/2020,8/8/2020,38.83,-77.28,Approved,Item,teams/ExecutiveOfficer/Lists/ETP Tracker
"JBADS (Rogers, Ferris)","Portsmouth, NH",New Hampshire,Rockingham,"Rogers is lead tester executing DT for JBADS PVT2. Rogers and Ferris are the only govt TW personnel attending for their identified dates, with the exception of 4-10 OCT when Moody will attend as a SME for specific verification. 
",1,46 TS,8/2/2020,9/5/2020,42.9718,-71.0685,Approved,Item,teams/ExecutiveOfficer/Lists/ETP Tracker
U-2 Dragon Planner,"Palmdale, CA",California,Los Angeles,"Travel required to witness classified Data Transfer Device (DTD) mission load in U-2 Systems Integration Lab (SIL) in support of DRAGON PLANNER mission planning software fielding.
",2,45 TS,8/2/2020,8/7/2020,34.5764,-118.1161,Approved,Item,teams/ExecutiveOfficer/Lists/ETP Tracker
KC-46 Load Test,Pease ANGB,New Hampshire,Rockingham,"TDY is to confirm ODD-EC46 Data Transfer Devices (DTDs) are properly formatted and partitioned and can be mounted to the aircraft. DT&E will also verify accurate ingestion of data into aircraft avionics and verify proper function of the Transfer Enabled Solution Virtual Machine (TENSO VM). This trip is dual purposed by supporting the US & Japan KC-46 Foreign Military Sales program.
",1,45 TS,8/2/2020,8/7/2020,42.9718,-71.0685,Approved,Item,teams/ExecutiveOfficer/Lists/ETP Tracker
PNVC (Peterson),Peterson AFB,Colorado,El Paso,"To conduct developmental test #1 at operational sites for PNVC.  Testing of this system has been designated as mission essential by both J3 of STRATCOM and USSF with a classified memorandum provided under separate correspondence.  The participating locations have been installed with the PNVC system which the 46TS has been designated the ETO.  The PNVC system is a voice conferencing capability used by the President of the United States, US Combatant Commanders, and Department of Defense designated participants.  The system is replacing the currently fielded MILSTAR LDR-only system and offers advanced capabilities and enables operation over the Advanced Extremely High Frequency (AEHF) satellite communication system.  Completing developmental testing is critical to ensure system performance prior to fielding the system at additional operational locations.
",1,46 TS,8/2/2020,8/22/2020,38.8236,-104.695,Approved,Item,teams/ExecutiveOfficer/Lists/ETP Tracker
B-52 FQT,Tinker AFB,Oklahoma,Osage,"TDY travel required to verify CLASSIFIED Mission Planning Software integration deficiencies & Data Transfer Device load test in the B-52 avionics simulator.
",2,45 TS,8/2/2020,8/7/2020,35.4147,-97.3866,Approved,Item,teams/ExecutiveOfficer/Lists/ETP Tracker
PNVC (Reinsmith),"Bedford, MA",Massachusetts,Middlesex,"""This is a previously authorized ETP with a change of sending Lee Reinsmith to Bedford rather than Hawaii.  A stop movement has been placed for Hawaii and has yet to be lifted to due a potential hurricane. 

Vast increase in Warfighter’s nuclear command and communication capability.  Testing of this system has been designated as mission essential by both J3 of STRATCOM and SPACECOM with a classified memorandum provided under separate correspondence.  The participating locations have been installed with the PNVC system which the 46TS has been designated the ETO.  The PNVC system is a voice conferencing capability used by the President of the United States, US Combatant Commanders, and Department of Defense designated participants.  The system is replacing the currently fielded MILSTAR LDR-only system and offers advanced capabilities and enables operation over the Advanced Extremely High Frequency (AEHF) satellite communication system.  ""
",1,46 TS,8/2/2020,8/21/2020,42.4922,-71.2799,CAT Review,Item,teams/ExecutiveOfficer/Lists/ETP Tracker
INBOUND: JTT CP (Honolulu),"Honolulu, HI",Hawaii,Honolulu,"JTT CP v5.4 DT&E. Request inbound TDY approval for three operators identified and provided by ACC to conduct JTT CP v5.4 DT&E scheduled from 3-14 August 2020 in bldg. 85, rooms 161 & 140, Eglin AFB. Testing will proper exchange of targeting data between JTTCP and other AOC C2 systems, which are only available at Eglin. JTT CP testing will also take place on JWICS, which cannot be accessed remotely and can only be tested in-house at Eglin. There is no remote option for test. ",1,45 TS,8/2/2020,8/14/2020,21.3048,-157.8577,CTG Review,Item,teams/ExecutiveOfficer/Lists/ETP Tracker
INBOUND: JTT CP (San Diego),"San Diego, CA",California,San Diego,"JTT CP v5.4 DT&E. Request inbound TDY approval for three operators identified and provided by ACC to conduct JTT CP v5.4 DT&E scheduled from 3-14 August 2020 in bldg. 85, rooms 161 & 140, Eglin AFB. Testing will proper exchange of targeting data between JTTCP and other AOC C2 systems, which are only available at Eglin. JTT CP testing will also take place on JWICS, which cannot be accessed remotely and can only be tested in-house at Eglin. There is no remote option for test. ",1,45 TS,8/2/2020,8/14/2020,32.715,-117.1625,CTG Review,Item,teams/ExecutiveOfficer/Lists/ETP Tracker
INBOUND: DIEE (Dahlgreen),"Dahlgreen, VA",Virginia,Fredericksburg,"Naval Air Warfare Center Weapons Division (NAWCWD) has requested inbound TDY approval for three personnel to conduct the DIEE (Digital Imagery Exploitation Engine) version 2.3.x Risk Reduction and DT&E/OT objectives scheduled from 27 July – 7 Aug 2020 at the JADC2 Test Laboratory, Eglin AFB.  Chris Maxie (MacDill) will be on site for both weeks.  Jon Wilson (home near Whiteman AFB, MO) will be on-site 27-31 July, and Leonard Wilson (Dahlgren, VA) on-site 3-7 August.  Classified material will be under test, therefore, there is no remote option for test. ",1,45 TS,8/3/2020,8/7/2020,38.3363,-77.0515,Approved,Item,teams/ExecutiveOfficer/Lists/ETP Tracker
INBOUND: Iridium (Pheonix),Pheonix Arizona,Arizona,Maricopa,"The Iridium system is part of the DEUCSI program. All prior testing has been completed as ground
testing in preparation of the dual Aircraft Capstone event. Prior event was planned and delayed due to COVID-
19. The two aircraft flight, supported by Sunshine Aero in Crestview, will complete Iridium contract
requirements of a flight demonstrate of the Iridium system. 46 TS personnel will support the Iridium team with
data collection, analysis, and reporting.",4,46 TS,8/3/2020,8/29/2020,33.4427,-112.0727,CTG/CC Review,Item,teams/ExecutiveOfficer/Lists/ETP Tracker
INBOUND: Iridium (Dayton),"Dayton, Ohio",Ohio,Montgomery,"The Iridium system is part of the DEUCSI program. All prior testing has been completed as ground
testing in preparation of the dual Aircraft Capstone event. Prior event was planned and delayed due to COVID-
19. The two aircraft flight, supported by Sunshine Aero in Crestview, will complete Iridium contract
requirements of a flight demonstrate of the Iridium system. 46 TS personnel will support the Iridium team with
data collection, analysis, and reporting.",1,46 TS,8/3/2020,8/29/2020,39.7609,-84.1922,CTG/CC Review,Item,teams/ExecutiveOfficer/Lists/ETP Tracker
PCS: Olejnik,Edwards AFB,California,,"PCS of Capt Olejnik is mission-essential to enable successful test in support of F-22 Raptor modernization. The 411th FLTS / Raptor Combined Test Force is beginning a surge in test execution that will result in 3 major programs in simultaneous execution beginning in August ’20, including a very high priority weapons program, a high risk envelope expansion program, and a high emphasis Section 804 program.
",1,Det 1,8/8/2020,,,,CAT Review,Item,teams/ExecutiveOfficer/Lists/ETP Tracker
F-15 EPAWSS,"Berkley, MO",Missouri,St. Louis,"Conduct F-15 EPAWSS,  Cooperative Vulnerability Identification Cyber Test Event.  This test and associated report are required by AFLCMC Program Management Office for the F-15 EPAWSS program to transition from Developmental Test and Evaluation into Operational Test and Evaluation.
",6,47 CTS/OL-A,8/8/2020,8/22/2020,38.6353,-90.2009,CAT Review,Item,teams/ExecutiveOfficer/Lists/ETP Tracker
PNVC (Greenville),Greenville,Texas,Hunt,"To conduct developmental test #1 at operational sites for PNVC.  Testing of this system has been designated as mission essential by both J3 of STRATCOM and USSF with a classified memorandum provided under separate correspondence.  The participating locations have been installed with the PNVC system which the 46TS has been designated the ETO.  The PNVC system is a voice conferencing capability used by the President of the United States, US Combatant Commanders, and Department of Defense designated participants.  The system is replacing the currently fielded MILSTAR LDR-only system and offers advanced capabilities and enables operation over the Advanced Extremely High Frequency (AEHF) satellite communication system.  Completing developmental testing is critical to ensure system performance prior to fielding the system at additional operational locations.
",1,46 TS,8/9/2020,8/22/2020,33.139,-96.1072,Approved,Item,teams/ExecutiveOfficer/Lists/ETP Tracker
IBDSS (Jackson),Grand Forks AFB,North Dakota,Grand Forks,"
Conduct the Qualification Test and Evaluation (QT&E) of the Optex Redscan RLS-3060SH Clear Zone Sensor in support of the Integrated Base Dense Security System (IBDSS) program, Force Protection SPO (AFLCMC/HBU). ",1,46 TS,8/9/2020,8/22/2020,47.9243,-97.0317,CTG Review,Item,teams/ExecutiveOfficer/Lists/ETP Tracker
AST (Potochney),Schriever AFB,Colorado,El Paso,"""Attend AST Segment Verification Test (SVT) and execute Risk Reduction Event 1 Regression Test 
""
",1,45 TS,8/10/2020,8/21/2020,38.8033,-104.5255,CAT Review,Item,teams/ExecutiveOfficer/Lists/ETP Tracker
AST (Manchester),Schriever AFB,Colorado,El Paso,"""Attend AST Segment Verification Test (SVT) and execute Risk Reduction Event 1 Regression Test 
""
",1,45 TS,8/10/2020,8/21/2020,38.8033,-104.5255,CAT Review,Item,teams/ExecutiveOfficer/Lists/ETP Tracker
MIDS JTRS,Fresno ANGB,California,Fresno,"The Fresno ANG will soon receive F-15C's modified with Suite 9, ADCP II, and MIDS-JTRS.  The fielding team will provide classified briefings to both ops and Mx personnel on employing Link-16 with MIDS-JTRS and how to instruction on how to avoid 'bricking' the system.  There are several critical lead-time action items, as well as technical instruction specific to operating and employing Link 16 with MIDS-JTRS terminals, for both operations and maintenance personnel that are required for a successful transition. The Link 16 fielding team will advise and prepare them for a successful, timely transition. It will present subject matter expert instructional, detailed presentations in order to properly prepare them to meet the requirements for initializing the use and employment of the MIDS-JTRS system.
",2,46 TS,8/10/2020,8/13/2020,36.7316,-119.7858,CAT Review,Item,teams/ExecutiveOfficer/Lists/ETP Tracker
TBMCS,Tyndall AFB,Florida,Bay,TBMCS 5.X Installation Upgrade Evaluation,2,45 TS,8/10/2020,8/14/2020,30.072,-85.5879,CAT Review,Item,teams/ExecutiveOfficer/Lists/ETP Tracker
LAK (2),"Anchorage, AK",Alaska,Anchorage,"Modernization and Cyber security.  The LAK program modernize the Command and Control (C2) communications system for operational and tactical level C2 agencies for Combined Air Operations Center-Alaska, the Alaskan Air Defense Sector, and Alaska training ranges.  LAK v4.1 will provide the much anticipated Windows-10 cyber security updates while SPIDR 2.0 will address software deficiencies.  This request is for a second trip to JBER to support AWACS flight testing.  The request was previously approved for 12 July to 1 August, but the trip was cancelled due to test aircraft maintenance and availability.  Request approval for the same event but now scheduled 11 - 29 August.
",4,46 TS,8/11/2020,8/29/2020,61.2173,-149.8631,Approved,Item,teams/ExecutiveOfficer/Lists/ETP Tracker
AST,Schriever AFB,Colorado,El Paso,"""Attend AST Segment Verification Test (SVT) and execute Risk Reduction Event 1 Regression Test 
""
",3,45 TS,8/16/2020,8/21/2020,38.8033,-104.5255,CAT Review,Item,teams/ExecutiveOfficer/Lists/ETP Tracker
CMCC,"Beale AFB, CA",California,Yuba,"""Operational Urgency: The RCO  has designated CMCC as mission essential. The 96 CTG Eglin AFB team has traveled to site throughout COVID-19, CMCC is currently in a surge status, and needs additional support to complete tasks and prepare IOC reporting to ACC, 605 TES, and other key stakeholders required for fielding decision in conjunction with capabilities and limitations.   Due to the classification and special access requirements of this program, discussions can only be conducted in-person at Beale.  The expertise of the 47 CTS/OL-A cyber SMEs is critical to the program success.

Program Management Risk: A complete MBCRA is necessary to maintain program cost, schedule, and performance. Failure to complete MBCRA deliverables by 31 Oct 2020 and follow on testing by 31 Jan 2020 will adversely affect CMCC program office; Office of the Secretary of Air Force, Rapid Capabilities Office, Air Combat Command decisions, assessments and efforts related to Developmental Test sufficiency, Operational Test sufficiency, fielding decision, and capabilities and limitations of the program.

""
",5,47 CTS/OL-A,8/16/2020,8/29/2020,39.1011,-121.3358,CAT Review,Item,teams/ExecutiveOfficer/Lists/ETP Tracker
Black Raptor,"Aurora,",Colorado,,Dev Eval (DE) Observation for Naval Cyber Warfare Development Group (NCWDG),2,47 CTS,8/17/2020,8/25/2020,38.8334,-104.8218,Unit Drafting,Item,teams/ExecutiveOfficer/Lists/ETP Tracker
PNVC (Classified),Classified,,,"To conduct developmental test #1 at operational sites for PNVC.  Testing of this system has been designated as mission essential by both J3 of STRATCOM and USSF with a classified memorandum provided under separate correspondence.  The participating locations have been installed with the PNVC system which the 46TS has been designated the ETO.  The PNVC system is a voice conferencing capability used by the President of the United States, US Combatant Commanders, and Department of Defense designated participants.  The system is replacing the currently fielded MILSTAR LDR-only system and offers advanced capabilities and enables operation over the Advanced Extremely High Frequency (AEHF) satellite communication system.  Completing developmental testing is critical to ensure system performance prior to fielding the system at additional operational locations.
",2,46 TS,8/19/2020,8/22/2020,,,CAT Review,Item,teams/ExecutiveOfficer/Lists/ETP Tracker
B-21 SCO,"Melbourne, FL",Florida,Brevard,"This is the System checkout. The Check out will consist of training on the contractors Lab environment and verification of system layout and interfaces. The SCO is a critical step in the cyber testing phase to ensure the test team can interface with the SUT as well as understand the details of the SIL.
",3,47 CTS/Det 1,8/24/2020,8/28/2020,28.0799,-80.6035,CTG Review,Item,teams/ExecutiveOfficer/Lists/ETP Tracker
B-21 SCO (Cook),"Melbourne, FL",Florida,Brevard,"This is the System checkout. The Check out will consist of training on the contractors Lab envirioment and verification of system layout and interfaces. The SCO is a critical step in the cyber testing phase to ensure the test team can interface with the SUT as well as understand the details of the SIL.
",1,47 CTS/OL-A,8/24/2020,8/28/2020,28.0799,-80.6035,CTG Review,Item,teams/ExecutiveOfficer/Lists/ETP Tracker
PCS: Northrop,Peterson AFB,Colorado,El Paso,"""Prior to the COVID crisis the 45 TS was in the process transferring Mr. Northrop and his position to Peterson AFB, CO to support the 96 CTG’s growing United States Space Force (USSF) and PEO Digital (AFLCMC/HB) test portfolio located there.  The 96 FSS is now ready to process Mr. Northrop’s PCS and this request will enable him to proceed with selling his house and shipping household goods.

Mr. Northrop’s PCS will facilitate immediate 96 CTG mission requirements including government oversight of approximately 15 on-site 96 CTG contractors and establishment of a formal 45 TS Operating Location at Peterson AFB to support USFF functional and cyber security test requirements.  Approval of this PCS now will enable mission support that cannot be conducted remotely due to the necessity of frequent classified meetings and routine access to restricted areas.  The PCS will also assist the 96 CTG’s support for the AFTC and USSF/TE directorate in the stand up of a USSF Combined Test Force (CTF).   

Mr. Northrop’s initial primary responsibilities will be overseeing 45 TS support for PEO Digital Surveillance and Strategic Warning test programs at the Test Development Facility (TDF) and the Joint Functional Component Command for Space's (JFCC Space) a Missile Warning Center, Cheyenne Mountain AFS.   Mr. Northrop will also lead the 45 TS Executing Test Organization (ETO) activities for the Space and Missile System Center (SMC) Space Command and Control (C2) Enterprise program, and assist SMC in transiting the AFRL-developed JEON applications for the National Space Defense Center (NSDC) at Schriever AFB, CO to SMC sustainment.""
",1,45 TS,8/30/2020,,,,CAT Review,Item,teams/ExecutiveOfficer/Lists/ETP Tracker
"JBADS (Rogers, Ferris) (2)","Portsmouth, NH",New Hampshire,Rockingham,"Rogers is lead tester executing DT for JBADS PVT2. Rogers and Ferris are the only govt TW personnel attending for their identified dates, with the exception of 4-10 OCT when Moody will attend as a SME for specific verification. 
",1,46 TS,9/6/2020,10/10/2020,43.0706,-70.7721,CAT Review,Item,teams/ExecutiveOfficer/Lists/ETP Tracker
JBADS (Moody),"Portsmouth, NH",New Hampshire,Rockingham,"Moody will attend as a SME for specific verification of electrical requirements. He will also replace Rogers or Ferris as govt tester if required. 
",1,46 TS,10/4/2020,10/10/2020,42.9718,-71.0685,CAT Review,Item,teams/ExecutiveOfficer/Lists/ETP Tracker
